,Gene_0,Gene_1,Gene_2,Gene_3,Gene_4,Gene_5,Gene_6,Gene_7,Gene_8,Gene_9,Gene_10,Gene_11,Gene_12,Gene_13,Gene_14,Gene_15,Gene_16,Gene_17,Gene_18,Gene_19
0,10.0,10.0,10.0,10.0,10.0,10.0,0.0,0.0,0.0,0.0,0.0,0.0,0.0,0.0,0.0,0.0,0.0,0.0,0.0,0.0
1,10.0,10.0,10.0,10.0,10.0,10.0,0.0,0.0,0.0,0.0,0.0,0.0,0.0,0.0,0.0,0.0,0.0,0.0,1.0,0.0
2,4.0,36.0,9.0,8.0,5.0,7.0,1.0,0.0,1.0,0.0,0.0,2.0,0.0,0.0,0.0,0.0,0.0,0.0,3.0,0.0
3,5.0,45.0,7.0,7.0,4.0,10.0,4.0,0.0,3.0,1.0,2.0,1.0,1.0,3.0,1.0,3.0,2.0,1.0,1.0,0.0
4,4.0,56.0,3.0,6.0,4.0,10.0,5.0,1.0,2.0,7.0,2.0,1.0,3.0,4.0,2.0,4.0,2.0,1.0,3.0,5.0
5,6.0,52.0,2.0,7.0,5.0,8.0,5.0,1.0,2.0,7.0,3.0,2.0,5.0,5.0,5.0,4.0,2.0,2.0,3.0,4.0
6,5.0,56.0,3.0,7.0,6.0,6.0,5.0,3.0,4.0,8.0,3.0,2.0,8.0,5.0,5.0,2.0,4.0,3.0,6.0,5.0
7,4.0,58.0,5.0,8.0,3.0,7.0,4.0,6.0,4.0,6.0,4.0,2.0,11.0,5.0,6.0,4.0,3.0,3.0,5.0,3.0
8,6.0,68.0,6.0,7.0,3.0,7.0,6.0,6.0,6.0,4.0,6.0,4.0,10.0,5.0,6.0,3.0,4.0,3.0,6.0,3.0
9,8.0,56.0,6.0,6.0,3.0,7.0,8.0,7.0,5.0,5.0,5.0,8.0,11.0,2.0,5.0,6.0,5.0,3.0,3.0,1.0
10,6.0,62.0,5.0,6.0,3.0,8.0,7.0,4.0,4.0,6.0,7.0,5.0,13.0,3.0,7.0,6.0,4.0,4.0,7.0,1.0
11,4.0,61.0,6.0,6.0,3.0,9.0,7.0,6.0,2.0,8.0,9.0,6.0,9.0,4.0,7.0,6.0,5.0,4.0,4.0,2.0
12,6.0,54.0,7.0,9.0,4.0,10.0,7.0,7.0,2.0,10.0,7.0,5.0,8.0,5.0,4.0,6.0,4.0,4.0,8.0,2.0
13,4.0,57.0,10.0,8.0,3.0,9.0,9.0,8.0,4.0,10.0,8.0,6.0,7.0,9.0,6.0,8.0,3.0,6.0,7.0,2.0
14,5.0,54.0,6.0,5.0,3.0,7.0,10.0,9.0,3.0,9.0,8.0,7.0,9.0,8.0,6.0,7.0,3.0,6.0,8.0,1.0
15,7.0,58.0,6.0,4.0,3.0,8.0,8.0,11.0,4.0,8.0,7.0,8.0,6.0,7.0,6.0,6.0,4.0,6.0,9.0,1.0
16,6.0,57.0,6.0,7.0,6.0,6.0,6.0,11.0,4.0,8.0,7.0,7.0,9.0,7.0,6.0,5.0,5.0,5.0,4.0,3.0
17,6.0,55.0,5.0,8.0,6.0,6.0,7.0,8.0,4.0,10.0,6.0,5.0,8.0,7.0,4.0,6.0,6.0,4.0,3.0,3.0
18,6.0,48.0,5.0,8.0,7.0,5.0,7.0,10.0,4.0,9.0,7.0,5.0,7.0,6.0,6.0,7.0,3.0,5.0,4.0,4.0
19,5.0,41.0,3.0,7.0,6.0,4.0,9.0,8.0,4.0,8.0,6.0,5.0,5.0,9.0,7.0,2.0,2.0,4.0,5.0,4.0
20,4.0,40.0,6.0,7.0,6.0,5.0,9.0,8.0,3.0,7.0,3.0,7.0,4.0,7.0,7.0,0.0,5.0,2.0,5.0,6.0
21,6.0,44.0,4.0,5.0,4.0,4.0,8.0,9.0,2.0,5.0,3.0,6.0,7.0,6.0,5.0,0.0,1.0,2.0,5.0,6.0
22,7.0,45.0,6.0,3.0,4.0,3.0,9.0,9.0,1.0,6.0,6.0,7.0,6.0,4.0,6.0,1.0,3.0,2.0,6.0,3.0
23,5.0,41.0,3.0,6.0,4.0,5.0,9.0,11.0,2.0,7.0,6.0,6.0,8.0,5.0,4.0,2.0,5.0,2.0,1.0,4.0
24,3.0,36.0,3.0,5.0,1.0,3.0,7.0,10.0,3.0,7.0,9.0,7.0,6.0,5.0,8.0,3.0,7.0,4.0,2.0,3.0
25,2.0,40.0,2.0,4.0,2.0,4.0,6.0,7.0,1.0,8.0,7.0,10.0,2.0,2.0,4.0,3.0,7.0,3.0,2.0,4.0
26,3.0,36.0,4.0,2.0,4.0,7.0,7.0,5.0,3.0,6.0,8.0,6.0,3.0,3.0,7.0,3.0,6.0,3.0,3.0,4.0
27,2.0,40.0,6.0,1.0,3.0,5.0,6.0,4.0,2.0,6.0,6.0,4.0,4.0,3.0,5.0,2.0,3.0,2.0,2.0,2.0
28,3.0,50.0,6.0,1.0,5.0,4.0,3.0,2.0,3.0,5.0,4.0,2.0,2.0,2.0,6.0,2.0,1.0,1.0,2.0,1.0
29,7.0,55.0,4.0,3.0,3.0,5.0,3.0,3.0,6.0,4.0,6.0,4.0,2.0,3.0,6.0,3.0,0.0,6.0,0.0,2.0
30,7.0,57.0,2.0,3.0,3.0,4.0,6.0,3.0,7.0,5.0,7.0,4.0,0.0,3.0,7.0,2.0,2.0,7.0,2.0,2.0
31,7.0,49.0,3.0,1.0,5.0,7.0,6.0,9.0,6.0,2.0,8.0,4.0,1.0,4.0,6.0,2.0,2.0,9.0,7.0,3.0
32,5.0,59.0,3.0,2.0,6.0,6.0,8.0,7.0,4.0,5.0,6.0,7.0,3.0,3.0,7.0,4.0,2.0,8.0,7.0,4.0
33,7.0,56.0,3.0,1.0,3.0,6.0,8.0,7.0,3.0,5.0,5.0,5.0,2.0,5.0,8.0,4.0,3.0,7.0,4.0,6.0
34,7.0,48.0,3.0,2.0,4.0,8.0,8.0,11.0,6.0,3.0,4.0,6.0,4.0,6.0,8.0,7.0,4.0,6.0,3.0,8.0
35,6.0,47.0,3.0,2.0,3.0,8.0,7.0,7.0,4.0,9.0,4.0,6.0,5.0,6.0,10.0,2.0,1.0,7.0,4.0,6.0
36,6.0,47.0,8.0,2.0,2.0,7.0,10.0,5.0,3.0,8.0,5.0,5.0,4.0,7.0,6.0,1.0,5.0,6.0,5.0,5.0
37,5.0,49.0,4.0,2.0,3.0,9.0,7.0,7.0,5.0,6.0,3.0,4.0,5.0,9.0,4.0,3.0,4.0,6.0,5.0,7.0
38,2.0,43.0,2.0,2.0,3.0,7.0,7.0,12.0,4.0,3.0,1.0,3.0,5.0,7.0,3.0,2.0,4.0,3.0,4.0,7.0
39,2.0,47.0,6.0,4.0,3.0,4.0,4.0,8.0,4.0,4.0,5.0,3.0,2.0,7.0,6.0,5.0,5.0,4.0,4.0,5.0
40,1.0,39.0,6.0,5.0,6.0,7.0,3.0,8.0,5.0,7.0,7.0,3.0,0.0,8.0,6.0,6.0,5.0,2.0,4.0,3.0
41,1.0,48.0,5.0,3.0,3.0,8.0,0.0,6.0,5.0,9.0,8.0,2.0,1.0,11.0,6.0,4.0,2.0,3.0,5.0,2.0
42,2.0,47.0,5.0,3.0,4.0,7.0,1.0,8.0,3.0,9.0,5.0,3.0,3.0,10.0,5.0,5.0,4.0,2.0,3.0,3.0
43,3.0,47.0,6.0,4.0,1.0,7.0,4.0,7.0,5.0,10.0,8.0,1.0,4.0,7.0,6.0,4.0,2.0,2.0,5.0,0.0
44,2.0,52.0,5.0,3.0,3.0,5.0,3.0,7.0,7.0,12.0,6.0,1.0,5.0,6.0,5.0,4.0,1.0,2.0,7.0,2.0
45,2.0,57.0,6.0,3.0,1.0,3.0,2.0,7.0,6.0,10.0,5.0,1.0,4.0,8.0,7.0,4.0,2.0,3.0,6.0,4.0
46,1.0,57.0,7.0,6.0,0.0,3.0,4.0,7.0,5.0,9.0,7.0,3.0,2.0,3.0,6.0,3.0,1.0,5.0,9.0,4.0
47,3.0,50.0,7.0,6.0,2.0,4.0,5.0,8.0,4.0,9.0,5.0,4.0,2.0,4.0,5.0,5.0,4.0,4.0,7.0,4.0
48,6.0,52.0,6.0,4.0,2.0,3.0,4.0,8.0,4.0,12.0,5.0,5.0,2.0,5.0,6.0,5.0,5.0,6.0,6.0,2.0
49,5.0,48.0,7.0,7.0,1.0,6.0,2.0,8.0,5.0,12.0,5.0,4.0,4.0,5.0,6.0,5.0,5.0,7.0,6.0,6.0
50,2.0,51.0,5.0,5.0,3.0,6.0,4.0,12.0,5.0,12.0,7.0,2.0,2.0,3.0,4.0,3.0,5.0,6.0,7.0,6.0
51,3.0,52.0,6.0,4.0,3.0,8.0,7.0,10.0,6.0,10.0,5.0,5.0,2.0,4.0,6.0,0.0,5.0,4.0,6.0,4.0
52,3.0,48.0,8.0,4.0,5.0,7.0,7.0,9.0,9.0,7.0,5.0,5.0,2.0,2.0,6.0,2.0,4.0,2.0,8.0,6.0
53,3.0,43.0,5.0,3.0,3.0,4.0,5.0,5.0,9.0,10.0,6.0,6.0,2.0,4.0,3.0,2.0,5.0,4.0,5.0,8.0
54,3.0,48.0,7.0,3.0,5.0,4.0,4.0,6.0,8.0,10.0,7.0,7.0,2.0,3.0,2.0,2.0,4.0,4.0,5.0,8.0
55,4.0,42.0,9.0,2.0,5.0,1.0,6.0,4.0,8.0,10.0,5.0,5.0,2.0,4.0,4.0,2.0,4.0,5.0,6.0,7.0
56,2.0,44.0,10.0,3.0,5.0,3.0,6.0,6.0,7.0,9.0,3.0,5.0,5.0,6.0,2.0,2.0,3.0,5.0,4.0,5.0
57,1.0,43.0,11.0,4.0,5.0,6.0,8.0,4.0,6.0,9.0,6.0,4.0,8.0,6.0,2.0,4.0,2.0,7.0,5.0,2.0
58,2.0,52.0,7.0,6.0,7.0,9.0,4.0,2.0,5.0,7.0,4.0,3.0,6.0,5.0,4.0,4.0,3.0,5.0,4.0,3.0
59,3.0,46.0,5.0,4.0,7.0,9.0,4.0,0.0,6.0,7.0,4.0,3.0,6.0,6.0,5.0,3.0,1.0,7.0,5.0,2.0
60,4.0,51.0,7.0,7.0,5.0,9.0,2.0,0.0,7.0,8.0,5.0,1.0,5.0,2.0,8.0,3.0,6.0,4.0,7.0,3.0
61,3.0,46.0,7.0,7.0,5.0,7.0,3.0,4.0,6.0,5.0,4.0,1.0,3.0,2.0,7.0,4.0,7.0,3.0,9.0,3.0
62,5.0,50.0,7.0,6.0,6.0,3.0,2.0,2.0,7.0,4.0,2.0,2.0,5.0,2.0,4.0,3.0,6.0,3.0,6.0,3.0
63,6.0,45.0,5.0,6.0,7.0,3.0,0.0,5.0,6.0,2.0,3.0,0.0,5.0,3.0,7.0,2.0,6.0,5.0,7.0,7.0
64,6.0,47.0,6.0,4.0,2.0,4.0,1.0,2.0,5.0,4.0,4.0,2.0,9.0,4.0,7.0,2.0,7.0,6.0,6.0,6.0
65,5.0,42.0,2.0,4.0,2.0,4.0,1.0,4.0,6.0,5.0,5.0,5.0,7.0,1.0,9.0,3.0,5.0,6.0,3.0,5.0
66,3.0,44.0,4.0,2.0,3.0,3.0,2.0,6.0,5.0,7.0,5.0,5.0,7.0,2.0,6.0,4.0,3.0,6.0,3.0,5.0
67,3.0,42.0,4.0,1.0,3.0,2.0,3.0,7.0,7.0,8.0,5.0,5.0,4.0,3.0,5.0,6.0,4.0,7.0,5.0,4.0
68,4.0,49.0,5.0,1.0,3.0,2.0,4.0,4.0,4.0,8.0,5.0,7.0,1.0,3.0,3.0,5.0,2.0,4.0,7.0,6.0
69,5.0,58.0,7.0,0.0,5.0,5.0,5.0,4.0,5.0,9.0,6.0,8.0,4.0,5.0,5.0,3.0,3.0,3.0,5.0,4.0
70,3.0,51.0,7.0,2.0,3.0,5.0,2.0,8.0,8.0,11.0,8.0,5.0,5.0,7.0,6.0,3.0,4.0,6.0,6.0,3.0
71,5.0,54.0,6.0,2.0,2.0,5.0,3.0,6.0,7.0,11.0,6.0,6.0,6.0,8.0,8.0,3.0,1.0,6.0,7.0,4.0
72,8.0,42.0,4.0,2.0,2.0,9.0,5.0,4.0,8.0,12.0,4.0,5.0,8.0,8.0,5.0,7.0,3.0,5.0,9.0,3.0
73,8.0,46.0,5.0,4.0,4.0,7.0,5.0,6.0,8.0,10.0,5.0,7.0,8.0,6.0,4.0,5.0,3.0,5.0,8.0,3.0
74,9.0,50.0,5.0,7.0,3.0,8.0,4.0,8.0,6.0,8.0,6.0,7.0,7.0,3.0,6.0,5.0,3.0,4.0,6.0,7.0
75,6.0,43.0,5.0,5.0,1.0,5.0,6.0,8.0,4.0,6.0,4.0,8.0,7.0,6.0,6.0,7.0,3.0,8.0,4.0,8.0
76,4.0,40.0,3.0,7.0,1.0,5.0,4.0,8.0,3.0,4.0,4.0,8.0,7.0,3.0,4.0,7.0,4.0,9.0,5.0,7.0
77,3.0,38.0,3.0,5.0,1.0,8.0,6.0,3.0,5.0,5.0,4.0,5.0,7.0,2.0,5.0,9.0,4.0,9.0,4.0,6.0
78,4.0,38.0,4.0,4.0,2.0,6.0,5.0,3.0,7.0,6.0,4.0,8.0,5.0,1.0,2.0,9.0,3.0,7.0,2.0,4.0
79,1.0,50.0,2.0,5.0,3.0,4.0,6.0,3.0,8.0,4.0,3.0,7.0,5.0,3.0,4.0,7.0,4.0,7.0,1.0,5.0
80,3.0,56.0,5.0,9.0,3.0,6.0,6.0,3.0,4.0,4.0,4.0,8.0,8.0,5.0,6.0,7.0,6.0,8.0,2.0,7.0
81,4.0,53.0,6.0,9.0,4.0,7.0,5.0,5.0,4.0,5.0,6.0,10.0,6.0,5.0,7.0,6.0,2.0,5.0,4.0,8.0
82,6.0,51.0,4.0,9.0,3.0,7.0,3.0,4.0,3.0,5.0,6.0,8.0,5.0,5.0,6.0,6.0,1.0,3.0,6.0,9.0
83,6.0,54.0,6.0,7.0,4.0,6.0,1.0,3.0,3.0,1.0,5.0,9.0,4.0,4.0,4.0,7.0,2.0,4.0,4.0,7.0
84,4.0,52.0,7.0,7.0,2.0,4.0,2.0,5.0,4.0,8.0,6.0,6.0,3.0,6.0,2.0,5.0,3.0,3.0,6.0,8.0
85,5.0,53.0,5.0,6.0,4.0,4.0,3.0,9.0,5.0,6.0,7.0,7.0,5.0,7.0,5.0,4.0,4.0,5.0,5.0,10.0
86,6.0,48.0,6.0,6.0,5.0,1.0,4.0,7.0,4.0,4.0,10.0,7.0,5.0,4.0,5.0,5.0,6.0,6.0,6.0,13.0
87,4.0,44.0,7.0,7.0,6.0,3.0,4.0,8.0,5.0,6.0,8.0,7.0,5.0,6.0,7.0,5.0,5.0,4.0,7.0,8.0
88,2.0,52.0,8.0,8.0,5.0,4.0,2.0,9.0,5.0,10.0,7.0,6.0,5.0,10.0,5.0,5.0,5.0,4.0,6.0,10.0
89,4.0,60.0,9.0,6.0,4.0,2.0,3.0,7.0,7.0,10.0,7.0,6.0,5.0,9.0,5.0,3.0,5.0,5.0,7.0,9.0
90,6.0,61.0,7.0,6.0,4.0,1.0,6.0,9.0,9.0,9.0,6.0,6.0,4.0,9.0,4.0,4.0,9.0,2.0,3.0,7.0
91,9.0,56.0,7.0,6.0,5.0,5.0,7.0,7.0,9.0,8.0,5.0,4.0,3.0,8.0,4.0,7.0,6.0,2.0,8.0,7.0
92,7.0,54.0,9.0,6.0,8.0,2.0,6.0,7.0,7.0,5.0,2.0,5.0,6.0,7.0,3.0,8.0,6.0,3.0,7.0,9.0
93,4.0,55.0,11.0,4.0,6.0,5.0,8.0,5.0,7.0,5.0,3.0,3.0,5.0,8.0,2.0,7.0,5.0,4.0,6.0,6.0
94,6.0,52.0,10.0,3.0,8.0,5.0,7.0,1.0,4.0,6.0,5.0,2.0,5.0,5.0,3.0,10.0,3.0,5.0,7.0,7.0
95,7.0,56.0,8.0,3.0,8.0,7.0,4.0,1.0,4.0,6.0,7.0,3.0,3.0,5.0,5.0,8.0,7.0,6.0,7.0,5.0
96,7.0,55.0,7.0,3.0,9.0,8.0,2.0,2.0,4.0,6.0,9.0,2.0,7.0,4.0,5.0,7.0,5.0,6.0,5.0,5.0
97,7.0,54.0,9.0,3.0,11.0,6.0,5.0,1.0,4.0,8.0,3.0,4.0,7.0,2.0,6.0,7.0,4.0,4.0,6.0,3.0
98,6.0,59.0,7.0,2.0,5.0,6.0,5.0,3.0,5.0,9.0,4.0,5.0,9.0,5.0,7.0,8.0,6.0,7.0,4.0,2.0
99,7.0,64.0,11.0,3.0,2.0,2.0,3.0,3.0,4.0,6.0,4.0,7.0,7.0,6.0,7.0,7.0,6.0,4.0,5.0,4.0
100,7.0,59.0,11.0,3.0,4.0,4.0,5.0,8.0,4.0,6.0,4.0,7.0,8.0,7.0,5.0,5.0,6.0,3.0,4.0,2.0
101,6.0,62.0,8.0,4.0,3.0,4.0,7.0,8.0,6.0,9.0,5.0,7.0,9.0,4.0,7.0,5.0,5.0,5.0,6.0,2.0
102,6.0,52.0,6.0,4.0,4.0,3.0,6.0,4.0,8.0,8.0,5.0,8.0,5.0,7.0,6.0,6.0,9.0,6.0,8.0,3.0
103,5.0,46.0,8.0,5.0,3.0,1.0,5.0,5.0,8.0,10.0,7.0,8.0,6.0,7.0,6.0,4.0,8.0,8.0,9.0,2.0
104,6.0,57.0,9.0,9.0,2.0,1.0,5.0,6.0,4.0,10.0,8.0,5.0,7.0,5.0,5.0,5.0,7.0,7.0,7.0,3.0
105,6.0,50.0,8.0,6.0,4.0,1.0,4.0,8.0,4.0,10.0,9.0,3.0,9.0,7.0,6.0,4.0,7.0,6.0,8.0,5.0
106,7.0,49.0,9.0,7.0,3.0,3.0,0.0,8.0,3.0,10.0,9.0,2.0,9.0,8.0,4.0,6.0,5.0,6.0,8.0,3.0
107,8.0,42.0,11.0,8.0,3.0,4.0,0.0,7.0,3.0,9.0,9.0,1.0,6.0,7.0,3.0,4.0,2.0,6.0,9.0,4.0
108,7.0,46.0,8.0,5.0,3.0,4.0,1.0,3.0,4.0,9.0,9.0,3.0,6.0,6.0,4.0,6.0,1.0,7.0,6.0,3.0
109,6.0,50.0,5.0,4.0,4.0,4.0,0.0,6.0,4.0,5.0,7.0,2.0,7.0,5.0,3.0,2.0,4.0,3.0,6.0,5.0
110,6.0,49.0,5.0,2.0,6.0,4.0,0.0,4.0,4.0,5.0,10.0,4.0,7.0,5.0,3.0,4.0,4.0,2.0,5.0,4.0
111,7.0,44.0,2.0,2.0,5.0,3.0,0.0,3.0,4.0,6.0,4.0,5.0,11.0,3.0,6.0,5.0,3.0,2.0,5.0,4.0
112,7.0,45.0,2.0,4.0,8.0,4.0,0.0,2.0,5.0,5.0,5.0,5.0,8.0,2.0,7.0,6.0,3.0,4.0,5.0,3.0
113,7.0,47.0,4.0,4.0,10.0,4.0,0.0,1.0,6.0,3.0,5.0,5.0,9.0,2.0,5.0,7.0,4.0,3.0,5.0,5.0
114,4.0,49.0,6.0,4.0,4.0,4.0,0.0,1.0,7.0,3.0,7.0,6.0,9.0,3.0,6.0,7.0,6.0,4.0,5.0,5.0
115,9.0,54.0,5.0,5.0,3.0,6.0,1.0,1.0,8.0,2.0,3.0,6.0,6.0,3.0,6.0,5.0,7.0,2.0,5.0,7.0
116,8.0,52.0,6.0,5.0,4.0,6.0,1.0,2.0,6.0,3.0,5.0,4.0,7.0,3.0,7.0,4.0,6.0,1.0,3.0,4.0
117,6.0,53.0,6.0,5.0,6.0,7.0,4.0,5.0,4.0,3.0,5.0,6.0,6.0,7.0,7.0,7.0,6.0,4.0,4.0,6.0
118,7.0,46.0,3.0,7.0,4.0,6.0,4.0,4.0,3.0,3.0,6.0,3.0,4.0,8.0,3.0,9.0,7.0,5.0,5.0,7.0
119,5.0,52.0,1.0,4.0,2.0,9.0,5.0,4.0,8.0,3.0,7.0,3.0,5.0,7.0,4.0,8.0,5.0,7.0,3.0,6.0
120,6.0,57.0,2.0,5.0,2.0,8.0,4.0,6.0,9.0,1.0,6.0,1.0,4.0,10.0,5.0,5.0,1.0,5.0,3.0,6.0
121,4.0,59.0,2.0,6.0,3.0,5.0,4.0,5.0,9.0,3.0,2.0,3.0,4.0,6.0,5.0,8.0,4.0,6.0,2.0,4.0
122,4.0,52.0,4.0,3.0,5.0,8.0,3.0,7.0,7.0,5.0,3.0,5.0,8.0,3.0,3.0,9.0,5.0,7.0,3.0,1.0
123,7.0,58.0,5.0,2.0,5.0,7.0,3.0,5.0,7.0,4.0,3.0,4.0,10.0,5.0,3.0,7.0,4.0,8.0,3.0,1.0
124,7.0,70.0,1.0,4.0,4.0,8.0,8.0,6.0,8.0,5.0,3.0,4.0,7.0,9.0,5.0,8.0,4.0,7.0,3.0,2.0
125,6.0,74.0,1.0,1.0,5.0,7.0,10.0,3.0,8.0,5.0,4.0,6.0,6.0,7.0,6.0,5.0,3.0,7.0,3.0,5.0
126,3.0,66.0,3.0,2.0,7.0,7.0,10.0,6.0,8.0,4.0,4.0,8.0,6.0,5.0,6.0,6.0,2.0,6.0,2.0,5.0
127,6.0,65.0,4.0,4.0,6.0,5.0,9.0,6.0,5.0,5.0,6.0,9.0,5.0,5.0,6.0,5.0,6.0,6.0,4.0,8.0
128,6.0,55.0,4.0,4.0,6.0,10.0,9.0,6.0,4.0,5.0,6.0,10.0,6.0,5.0,7.0,6.0,5.0,7.0,3.0,8.0
129,6.0,60.0,4.0,7.0,8.0,8.0,11.0,7.0,3.0,6.0,6.0,10.0,4.0,6.0,8.0,6.0,4.0,8.0,5.0,7.0
130,6.0,58.0,5.0,9.0,8.0,6.0,11.0,4.0,3.0,6.0,6.0,7.0,4.0,6.0,10.0,6.0,5.0,5.0,3.0,8.0
131,5.0,57.0,7.0,9.0,8.0,5.0,11.0,5.0,6.0,8.0,8.0,7.0,6.0,6.0,7.0,3.0,8.0,7.0,4.0,10.0
132,5.0,54.0,9.0,7.0,8.0,5.0,9.0,5.0,5.0,6.0,5.0,7.0,7.0,6.0,4.0,3.0,7.0,7.0,5.0,10.0
133,2.0,50.0,8.0,4.0,8.0,5.0,8.0,4.0,4.0,5.0,6.0,6.0,7.0,6.0,1.0,5.0,5.0,6.0,7.0,8.0
134,4.0,60.0,6.0,3.0,8.0,3.0,8.0,3.0,4.0,4.0,5.0,4.0,7.0,6.0,4.0,5.0,8.0,8.0,7.0,10.0
135,4.0,59.0,7.0,5.0,7.0,2.0,7.0,6.0,4.0,5.0,6.0,3.0,5.0,9.0,6.0,4.0,5.0,8.0,12.0,9.0
136,3.0,52.0,4.0,6.0,7.0,3.0,8.0,6.0,5.0,4.0,9.0,6.0,4.0,10.0,10.0,3.0,6.0,9.0,13.0,6.0
137,3.0,51.0,2.0,5.0,9.0,5.0,8.0,5.0,6.0,4.0,5.0,5.0,5.0,11.0,10.0,2.0,5.0,7.0,8.0,8.0
138,2.0,42.0,2.0,5.0,6.0,7.0,9.0,6.0,6.0,2.0,3.0,5.0,8.0,11.0,11.0,4.0,3.0,7.0,7.0,6.0
139,5.0,43.0,1.0,5.0,6.0,9.0,7.0,5.0,8.0,3.0,3.0,9.0,7.0,9.0,7.0,7.0,3.0,8.0,7.0,2.0
140,3.0,52.0,2.0,7.0,7.0,8.0,6.0,3.0,8.0,3.0,3.0,7.0,6.0,8.0,6.0,8.0,5.0,6.0,5.0,3.0
141,6.0,55.0,1.0,3.0,7.0,10.0,7.0,7.0,6.0,3.0,6.0,6.0,3.0,7.0,7.0,7.0,4.0,4.0,5.0,4.0
142,8.0,56.0,0.0,7.0,7.0,10.0,7.0,8.0,2.0,4.0,5.0,5.0,4.0,6.0,5.0,6.0,5.0,5.0,5.0,4.0
143,8.0,58.0,2.0,6.0,7.0,9.0,7.0,10.0,1.0,6.0,9.0,3.0,7.0,6.0,3.0,7.0,5.0,2.0,2.0,4.0
144,9.0,66.0,2.0,6.0,9.0,9.0,5.0,9.0,8.0,8.0,10.0,5.0,5.0,6.0,3.0,4.0,5.0,2.0,2.0,3.0
145,9.0,63.0,3.0,2.0,10.0,10.0,4.0,7.0,7.0,8.0,11.0,7.0,7.0,5.0,3.0,6.0,4.0,4.0,3.0,5.0
146,5.0,49.0,3.0,4.0,8.0,9.0,4.0,6.0,5.0,9.0,11.0,9.0,7.0,4.0,3.0,6.0,6.0,7.0,3.0,3.0
147,5.0,56.0,4.0,3.0,7.0,8.0,5.0,4.0,5.0,7.0,10.0,8.0,7.0,6.0,7.0,6.0,5.0,6.0,4.0,3.0
148,8.0,61.0,5.0,2.0,6.0,5.0,6.0,5.0,7.0,8.0,5.0,11.0,9.0,9.0,10.0,6.0,5.0,6.0,5.0,2.0
149,8.0,62.0,5.0,2.0,8.0,4.0,6.0,3.0,5.0,8.0,3.0,8.0,8.0,3.0,7.0,5.0,7.0,6.0,7.0,3.0
150,10.0,62.0,5.0,2.0,6.0,5.0,5.0,3.0,4.0,8.0,2.0,9.0,8.0,4.0,6.0,6.0,7.0,10.0,6.0,8.0
151,8.0,57.0,7.0,5.0,8.0,6.0,4.0,3.0,6.0,9.0,4.0,7.0,8.0,7.0,9.0,3.0,7.0,8.0,3.0,6.0
152,5.0,56.0,6.0,8.0,8.0,6.0,7.0,5.0,4.0,8.0,4.0,9.0,7.0,8.0,9.0,3.0,3.0,11.0,4.0,4.0
153,4.0,58.0,5.0,7.0,7.0,8.0,7.0,4.0,1.0,7.0,6.0,8.0,4.0,8.0,7.0,5.0,3.0,9.0,2.0,4.0
154,2.0,52.0,9.0,7.0,7.0,5.0,8.0,5.0,6.0,8.0,7.0,7.0,6.0,7.0,8.0,3.0,1.0,10.0,5.0,3.0
155,2.0,55.0,7.0,5.0,4.0,3.0,6.0,4.0,5.0,5.0,6.0,5.0,7.0,7.0,7.0,1.0,3.0,7.0,4.0,0.0
156,5.0,51.0,6.0,5.0,5.0,5.0,6.0,6.0,3.0,6.0,6.0,3.0,7.0,7.0,8.0,2.0,3.0,4.0,4.0,2.0
157,4.0,50.0,6.0,2.0,5.0,5.0,6.0,5.0,5.0,5.0,5.0,2.0,5.0,7.0,6.0,2.0,5.0,6.0,4.0,6.0
158,2.0,51.0,6.0,2.0,5.0,4.0,3.0,5.0,7.0,4.0,6.0,3.0,3.0,5.0,6.0,4.0,6.0,4.0,4.0,7.0
159,3.0,53.0,9.0,3.0,6.0,4.0,4.0,2.0,8.0,3.0,7.0,2.0,4.0,4.0,5.0,4.0,8.0,3.0,2.0,6.0
160,5.0,47.0,9.0,6.0,8.0,4.0,5.0,3.0,6.0,4.0,6.0,3.0,5.0,4.0,3.0,1.0,9.0,4.0,3.0,7.0
161,5.0,53.0,8.0,7.0,5.0,3.0,8.0,3.0,7.0,6.0,7.0,5.0,8.0,5.0,4.0,1.0,10.0,6.0,2.0,4.0
162,3.0,52.0,7.0,5.0,4.0,5.0,7.0,4.0,8.0,10.0,6.0,7.0,6.0,4.0,5.0,4.0,11.0,7.0,3.0,4.0
163,5.0,55.0,8.0,5.0,2.0,4.0,6.0,3.0,7.0,9.0,5.0,7.0,7.0,4.0,2.0,3.0,8.0,7.0,3.0,9.0
164,5.0,59.0,5.0,3.0,3.0,2.0,5.0,2.0,7.0,9.0,6.0,7.0,6.0,3.0,6.0,3.0,8.0,8.0,7.0,9.0
165,4.0,51.0,3.0,4.0,3.0,3.0,5.0,1.0,7.0,8.0,5.0,5.0,4.0,5.0,4.0,4.0,5.0,5.0,6.0,5.0
166,4.0,55.0,4.0,0.0,3.0,3.0,4.0,3.0,5.0,8.0,7.0,8.0,3.0,3.0,4.0,6.0,4.0,5.0,7.0,4.0
167,5.0,59.0,4.0,1.0,4.0,2.0,6.0,4.0,6.0,7.0,9.0,7.0,3.0,3.0,3.0,7.0,3.0,4.0,8.0,3.0
168,2.0,63.0,5.0,2.0,2.0,3.0,6.0,5.0,6.0,8.0,10.0,4.0,8.0,3.0,1.0,7.0,3.0,3.0,4.0,5.0
169,3.0,50.0,3.0,4.0,3.0,3.0,6.0,5.0,6.0,6.0,9.0,6.0,6.0,4.0,1.0,7.0,4.0,5.0,1.0,3.0
170,4.0,57.0,3.0,1.0,4.0,2.0,4.0,7.0,5.0,6.0,6.0,4.0,7.0,4.0,1.0,4.0,5.0,5.0,1.0,4.0
171,5.0,57.0,3.0,2.0,3.0,0.0,7.0,7.0,8.0,7.0,6.0,5.0,6.0,5.0,1.0,2.0,3.0,5.0,3.0,4.0
172,5.0,55.0,2.0,3.0,6.0,1.0,8.0,6.0,8.0,6.0,5.0,6.0,5.0,8.0,2.0,4.0,3.0,4.0,6.0,3.0
173,6.0,60.0,2.0,5.0,6.0,1.0,7.0,8.0,8.0,4.0,6.0,6.0,5.0,10.0,4.0,6.0,5.0,4.0,7.0,3.0
174,6.0,51.0,1.0,5.0,6.0,1.0,7.0,4.0,12.0,2.0,4.0,5.0,4.0,9.0,3.0,4.0,5.0,6.0,8.0,5.0
175,10.0,54.0,4.0,6.0,7.0,3.0,5.0,3.0,11.0,2.0,3.0,5.0,7.0,12.0,5.0,5.0,4.0,3.0,8.0,5.0
176,13.0,52.0,6.0,5.0,6.0,4.0,6.0,4.0,8.0,3.0,7.0,7.0,11.0,13.0,9.0,7.0,7.0,4.0,9.0,3.0
177,11.0,55.0,5.0,5.0,8.0,3.0,4.0,6.0,9.0,3.0,5.0,6.0,8.0,11.0,4.0,6.0,6.0,3.0,8.0,3.0
178,9.0,61.0,5.0,4.0,7.0,3.0,4.0,7.0,10.0,5.0,4.0,6.0,8.0,7.0,5.0,5.0,5.0,4.0,7.0,5.0
179,6.0,63.0,5.0,2.0,7.0,3.0,4.0,11.0,5.0,6.0,4.0,7.0,6.0,6.0,6.0,6.0,8.0,4.0,8.0,3.0
180,6.0,50.0,5.0,3.0,5.0,3.0,7.0,8.0,5.0,5.0,3.0,8.0,8.0,6.0,7.0,7.0,6.0,5.0,9.0,2.0
181,6.0,55.0,7.0,3.0,4.0,4.0,7.0,9.0,2.0,5.0,4.0,10.0,7.0,7.0,8.0,5.0,6.0,3.0,7.0,0.0
182,5.0,53.0,7.0,3.0,3.0,5.0,6.0,8.0,4.0,6.0,4.0,12.0,6.0,7.0,10.0,7.0,7.0,7.0,5.0,3.0
183,6.0,52.0,6.0,5.0,6.0,4.0,6.0,1.0,6.0,4.0,5.0,11.0,4.0,6.0,6.0,5.0,5.0,7.0,6.0,3.0
184,8.0,46.0,7.0,5.0,6.0,4.0,7.0,5.0,5.0,3.0,4.0,5.0,3.0,7.0,5.0,6.0,5.0,3.0,8.0,3.0
185,8.0,48.0,4.0,6.0,5.0,3.0,4.0,6.0,4.0,3.0,6.0,3.0,5.0,6.0,4.0,7.0,2.0,2.0,8.0,3.0
186,5.0,42.0,4.0,4.0,6.0,5.0,2.0,7.0,8.0,3.0,5.0,2.0,8.0,2.0,2.0,8.0,2.0,3.0,8.0,4.0
187,6.0,44.0,3.0,5.0,4.0,6.0,3.0,7.0,5.0,3.0,5.0,1.0,7.0,3.0,5.0,4.0,2.0,1.0,7.0,6.0
188,4.0,40.0,6.0,5.0,6.0,3.0,6.0,5.0,4.0,4.0,7.0,2.0,6.0,1.0,5.0,3.0,3.0,1.0,7.0,6.0
189,4.0,45.0,6.0,3.0,8.0,5.0,8.0,5.0,2.0,3.0,10.0,1.0,4.0,1.0,2.0,5.0,3.0,1.0,10.0,7.0
190,2.0,47.0,6.0,2.0,7.0,8.0,5.0,4.0,2.0,4.0,9.0,3.0,3.0,2.0,2.0,6.0,4.0,4.0,9.0,10.0
191,3.0,46.0,5.0,3.0,7.0,10.0,5.0,4.0,3.0,3.0,8.0,3.0,5.0,2.0,2.0,4.0,4.0,5.0,7.0,7.0
192,2.0,49.0,5.0,3.0,8.0,11.0,5.0,4.0,3.0,3.0,8.0,2.0,3.0,3.0,2.0,2.0,3.0,7.0,6.0,6.0
193,2.0,53.0,7.0,3.0,5.0,10.0,7.0,3.0,3.0,3.0,10.0,2.0,5.0,1.0,3.0,6.0,4.0,6.0,6.0,7.0
194,3.0,51.0,6.0,5.0,5.0,9.0,5.0,3.0,3.0,4.0,8.0,4.0,7.0,1.0,5.0,5.0,2.0,4.0,4.0,4.0
195,10.0,46.0,6.0,10.0,4.0,8.0,4.0,2.0,4.0,6.0,7.0,5.0,8.0,2.0,3.0,7.0,1.0,3.0,6.0,3.0
196,8.0,40.0,8.0,8.0,3.0,5.0,4.0,0.0,5.0,5.0,2.0,5.0,8.0,3.0,5.0,7.0,1.0,3.0,6.0,1.0
197,8.0,45.0,7.0,7.0,4.0,2.0,3.0,1.0,2.0,4.0,2.0,7.0,8.0,2.0,4.0,6.0,0.0,3.0,6.0,0.0
198,6.0,44.0,4.0,6.0,4.0,4.0,7.0,4.0,4.0,5.0,4.0,6.0,10.0,6.0,4.0,5.0,4.0,4.0,6.0,0.0
199,6.0,44.0,4.0,4.0,6.0,5.0,6.0,6.0,6.0,3.0,5.0,3.0,8.0,7.0,0.0,4.0,5.0,4.0,5.0,0.0
200,4.0,50.0,4.0,4.0,6.0,5.0,5.0,5.0,6.0,2.0,4.0,3.0,7.0,4.0,0.0,3.0,7.0,3.0,5.0,2.0
201,3.0,49.0,4.0,3.0,5.0,4.0,5.0,5.0,4.0,4.0,6.0,5.0,6.0,6.0,2.0,3.0,9.0,2.0,6.0,4.0
202,1.0,58.0,2.0,5.0,5.0,5.0,4.0,4.0,4.0,4.0,5.0,7.0,6.0,5.0,4.0,4.0,10.0,1.0,8.0,3.0
203,2.0,61.0,2.0,4.0,3.0,4.0,4.0,8.0,8.0,7.0,3.0,9.0,5.0,6.0,4.0,2.0,10.0,4.0,8.0,2.0
204,3.0,61.0,4.0,5.0,4.0,5.0,3.0,8.0,9.0,6.0,5.0,11.0,5.0,8.0,2.0,2.0,8.0,5.0,8.0,4.0
205,5.0,49.0,2.0,6.0,7.0,6.0,5.0,4.0,10.0,5.0,4.0,7.0,5.0,7.0,3.0,3.0,7.0,5.0,9.0,7.0
206,5.0,49.0,3.0,8.0,3.0,5.0,6.0,2.0,11.0,4.0,6.0,7.0,5.0,5.0,3.0,2.0,10.0,4.0,8.0,7.0
207,3.0,43.0,4.0,7.0,2.0,3.0,5.0,2.0,7.0,4.0,4.0,4.0,4.0,6.0,3.0,3.0,7.0,2.0,7.0,6.0
208,4.0,44.0,5.0,4.0,4.0,3.0,3.0,2.0,7.0,5.0,3.0,2.0,4.0,10.0,4.0,3.0,11.0,2.0,7.0,7.0
209,8.0,47.0,6.0,2.0,3.0,3.0,5.0,6.0,5.0,6.0,6.0,1.0,4.0,9.0,5.0,5.0,6.0,3.0,6.0,7.0
210,5.0,35.0,5.0,1.0,4.0,1.0,7.0,5.0,6.0,6.0,5.0,1.0,5.0,7.0,5.0,4.0,6.0,3.0,5.0,4.0
211,5.0,41.0,2.0,2.0,6.0,2.0,5.0,6.0,7.0,3.0,3.0,1.0,7.0,6.0,6.0,5.0,2.0,3.0,4.0,4.0
212,4.0,53.0,3.0,2.0,5.0,3.0,10.0,8.0,5.0,6.0,5.0,2.0,8.0,4.0,4.0,5.0,2.0,5.0,3.0,4.0
213,5.0,47.0,5.0,1.0,5.0,6.0,9.0,7.0,4.0,5.0,5.0,5.0,11.0,3.0,4.0,5.0,3.0,4.0,4.0,2.0
214,3.0,40.0,4.0,0.0,7.0,7.0,7.0,7.0,6.0,5.0,5.0,7.0,9.0,2.0,3.0,4.0,4.0,4.0,5.0,1.0
215,2.0,39.0,3.0,2.0,8.0,6.0,6.0,6.0,5.0,6.0,6.0,5.0,7.0,0.0,3.0,5.0,5.0,1.0,5.0,3.0
216,2.0,38.0,1.0,3.0,4.0,4.0,3.0,8.0,7.0,3.0,5.0,6.0,4.0,1.0,2.0,5.0,2.0,0.0,4.0,2.0
217,1.0,34.0,1.0,5.0,2.0,5.0,1.0,9.0,6.0,4.0,4.0,5.0,1.0,3.0,2.0,6.0,2.0,1.0,3.0,2.0
218,0.0,38.0,1.0,4.0,2.0,6.0,0.0,7.0,3.0,4.0,4.0,4.0,4.0,2.0,4.0,5.0,2.0,2.0,3.0,4.0
219,1.0,41.0,3.0,3.0,2.0,5.0,1.0,10.0,2.0,4.0,3.0,4.0,3.0,2.0,2.0,5.0,4.0,3.0,6.0,3.0
220,1.0,51.0,3.0,3.0,2.0,2.0,0.0,9.0,2.0,6.0,5.0,5.0,2.0,4.0,3.0,4.0,4.0,2.0,5.0,4.0
221,2.0,54.0,4.0,3.0,2.0,2.0,2.0,10.0,3.0,5.0,7.0,3.0,2.0,4.0,2.0,5.0,3.0,3.0,4.0,3.0
222,3.0,52.0,5.0,3.0,4.0,1.0,2.0,11.0,4.0,4.0,6.0,3.0,3.0,3.0,6.0,7.0,3.0,3.0,4.0,3.0
223,3.0,52.0,5.0,4.0,4.0,3.0,3.0,8.0,5.0,6.0,5.0,4.0,5.0,3.0,5.0,5.0,4.0,4.0,5.0,6.0
224,3.0,47.0,5.0,3.0,5.0,5.0,3.0,12.0,5.0,5.0,5.0,1.0,5.0,3.0,5.0,5.0,6.0,9.0,5.0,4.0
225,2.0,41.0,6.0,5.0,4.0,4.0,4.0,11.0,5.0,5.0,7.0,1.0,5.0,2.0,4.0,5.0,6.0,8.0,6.0,4.0
226,2.0,41.0,6.0,3.0,5.0,4.0,4.0,10.0,2.0,6.0,5.0,1.0,2.0,4.0,5.0,5.0,8.0,6.0,6.0,4.0
227,2.0,36.0,4.0,4.0,6.0,6.0,3.0,7.0,3.0,5.0,4.0,1.0,3.0,7.0,9.0,3.0,5.0,11.0,3.0,2.0
228,3.0,51.0,5.0,2.0,4.0,5.0,4.0,5.0,4.0,6.0,6.0,1.0,2.0,2.0,8.0,4.0,1.0,12.0,5.0,1.0
229,5.0,54.0,5.0,3.0,6.0,4.0,5.0,6.0,4.0,4.0,10.0,1.0,8.0,3.0,6.0,7.0,3.0,13.0,6.0,4.0
230,8.0,48.0,8.0,5.0,4.0,8.0,5.0,7.0,3.0,3.0,7.0,1.0,7.0,6.0,7.0,6.0,4.0,10.0,8.0,6.0
231,6.0,52.0,5.0,6.0,2.0,3.0,7.0,4.0,3.0,3.0,3.0,4.0,8.0,4.0,4.0,5.0,3.0,10.0,10.0,4.0
232,4.0,54.0,5.0,5.0,5.0,5.0,9.0,5.0,4.0,4.0,5.0,4.0,5.0,5.0,6.0,4.0,7.0,9.0,7.0,3.0
233,3.0,51.0,2.0,7.0,6.0,4.0,10.0,6.0,10.0,4.0,4.0,3.0,7.0,3.0,7.0,4.0,3.0,6.0,5.0,3.0
234,4.0,61.0,5.0,5.0,5.0,4.0,7.0,8.0,9.0,5.0,5.0,3.0,6.0,2.0,8.0,5.0,6.0,6.0,6.0,5.0
235,5.0,52.0,4.0,6.0,5.0,3.0,7.0,4.0,8.0,6.0,3.0,3.0,5.0,4.0,4.0,8.0,2.0,9.0,7.0,6.0
236,5.0,52.0,4.0,7.0,4.0,3.0,7.0,2.0,10.0,6.0,5.0,3.0,4.0,6.0,5.0,9.0,5.0,10.0,7.0,3.0
237,9.0,55.0,7.0,7.0,4.0,4.0,8.0,4.0,6.0,8.0,6.0,4.0,4.0,6.0,3.0,6.0,4.0,6.0,7.0,8.0
238,10.0,50.0,8.0,2.0,5.0,3.0,7.0,6.0,6.0,5.0,6.0,3.0,3.0,3.0,2.0,5.0,7.0,4.0,8.0,4.0
239,11.0,48.0,8.0,3.0,6.0,4.0,5.0,7.0,5.0,5.0,6.0,4.0,1.0,2.0,4.0,5.0,2.0,4.0,10.0,2.0
240,11.0,38.0,8.0,3.0,6.0,5.0,5.0,9.0,3.0,6.0,4.0,4.0,3.0,3.0,3.0,4.0,2.0,5.0,7.0,1.0
241,7.0,39.0,4.0,2.0,6.0,5.0,5.0,6.0,3.0,5.0,6.0,3.0,3.0,2.0,5.0,5.0,2.0,8.0,7.0,0.0
242,6.0,45.0,3.0,1.0,6.0,2.0,3.0,8.0,4.0,2.0,8.0,2.0,4.0,3.0,5.0,7.0,2.0,6.0,8.0,1.0
243,5.0,43.0,5.0,1.0,6.0,4.0,5.0,7.0,4.0,3.0,7.0,3.0,4.0,4.0,3.0,2.0,6.0,5.0,5.0,2.0
244,6.0,41.0,4.0,1.0,4.0,4.0,2.0,4.0,5.0,3.0,5.0,4.0,2.0,6.0,2.0,3.0,6.0,5.0,6.0,3.0
245,5.0,55.0,5.0,3.0,4.0,3.0,0.0,3.0,5.0,1.0,7.0,2.0,1.0,4.0,3.0,2.0,2.0,5.0,3.0,4.0
246,6.0,51.0,5.0,1.0,5.0,1.0,0.0,1.0,4.0,2.0,7.0,6.0,3.0,4.0,2.0,3.0,2.0,5.0,3.0,9.0
247,2.0,58.0,5.0,2.0,4.0,4.0,3.0,4.0,3.0,2.0,8.0,4.0,3.0,4.0,1.0,4.0,5.0,5.0,2.0,6.0
248,3.0,55.0,5.0,3.0,3.0,5.0,2.0,3.0,3.0,1.0,4.0,3.0,3.0,6.0,1.0,7.0,6.0,6.0,3.0,6.0
249,3.0,41.0,5.0,3.0,5.0,7.0,1.0,0.0,6.0,3.0,2.0,5.0,4.0,8.0,2.0,4.0,7.0,4.0,4.0,6.0
250,3.0,43.0,6.0,2.0,3.0,9.0,2.0,2.0,2.0,5.0,3.0,7.0,6.0,6.0,4.0,6.0,4.0,4.0,2.0,5.0
251,3.0,38.0,4.0,2.0,3.0,6.0,4.0,2.0,4.0,3.0,4.0,3.0,5.0,6.0,5.0,4.0,5.0,2.0,3.0,2.0
252,1.0,34.0,3.0,1.0,2.0,3.0,5.0,1.0,5.0,1.0,4.0,3.0,5.0,3.0,4.0,2.0,5.0,2.0,3.0,3.0
253,1.0,31.0,2.0,2.0,2.0,3.0,4.0,4.0,2.0,3.0,3.0,4.0,3.0,2.0,3.0,3.0,5.0,0.0,5.0,3.0
254,0.0,40.0,2.0,1.0,0.0,2.0,4.0,5.0,3.0,4.0,1.0,5.0,3.0,1.0,2.0,5.0,5.0,1.0,3.0,3.0
255,0.0,40.0,4.0,1.0,2.0,0.0,3.0,4.0,7.0,3.0,2.0,7.0,4.0,2.0,4.0,6.0,5.0,1.0,4.0,3.0
256,0.0,45.0,3.0,1.0,4.0,0.0,3.0,6.0,2.0,3.0,2.0,8.0,4.0,2.0,2.0,5.0,6.0,2.0,1.0,3.0
257,1.0,48.0,2.0,2.0,7.0,0.0,5.0,3.0,3.0,1.0,4.0,6.0,4.0,4.0,3.0,9.0,9.0,5.0,2.0,1.0
258,2.0,54.0,4.0,2.0,7.0,1.0,8.0,6.0,2.0,1.0,4.0,4.0,5.0,5.0,5.0,10.0,5.0,5.0,8.0,2.0
259,4.0,63.0,3.0,1.0,9.0,2.0,6.0,6.0,4.0,3.0,3.0,5.0,8.0,4.0,9.0,8.0,2.0,5.0,11.0,5.0
260,8.0,69.0,3.0,3.0,7.0,2.0,2.0,6.0,4.0,3.0,3.0,5.0,8.0,4.0,9.0,9.0,1.0,4.0,12.0,5.0
261,12.0,66.0,5.0,3.0,5.0,2.0,4.0,7.0,4.0,3.0,3.0,4.0,12.0,4.0,7.0,10.0,6.0,7.0,13.0,6.0
262,10.0,70.0,5.0,4.0,3.0,3.0,5.0,6.0,4.0,2.0,7.0,5.0,9.0,3.0,8.0,8.0,5.0,6.0,12.0,6.0
263,11.0,64.0,6.0,3.0,3.0,5.0,4.0,10.0,4.0,6.0,6.0,7.0,8.0,3.0,9.0,6.0,6.0,7.0,6.0,2.0
264,12.0,58.0,5.0,3.0,4.0,8.0,4.0,8.0,6.0,8.0,5.0,10.0,8.0,4.0,8.0,7.0,5.0,9.0,8.0,1.0
265,9.0,51.0,9.0,3.0,5.0,3.0,6.0,4.0,5.0,5.0,4.0,11.0,10.0,7.0,6.0,8.0,7.0,10.0,9.0,1.0
266,5.0,51.0,9.0,3.0,7.0,3.0,9.0,3.0,4.0,5.0,6.0,8.0,8.0,8.0,6.0,5.0,6.0,9.0,10.0,2.0
267,5.0,47.0,9.0,3.0,4.0,3.0,8.0,6.0,3.0,3.0,7.0,3.0,8.0,4.0,6.0,7.0,11.0,6.0,9.0,3.0
268,3.0,51.0,8.0,5.0,4.0,5.0,8.0,6.0,6.0,0.0,6.0,3.0,10.0,3.0,7.0,8.0,12.0,7.0,6.0,3.0
269,6.0,47.0,6.0,6.0,5.0,8.0,4.0,6.0,4.0,0.0,7.0,4.0,6.0,3.0,6.0,5.0,12.0,5.0,4.0,4.0
270,6.0,46.0,4.0,5.0,3.0,8.0,4.0,6.0,3.0,2.0,6.0,1.0,7.0,4.0,7.0,5.0,14.0,5.0,4.0,7.0
271,7.0,47.0,3.0,4.0,4.0,8.0,5.0,5.0,5.0,1.0,5.0,3.0,7.0,2.0,6.0,4.0,8.0,4.0,4.0,6.0
272,5.0,46.0,2.0,5.0,8.0,6.0,4.0,6.0,6.0,2.0,5.0,4.0,4.0,2.0,7.0,7.0,6.0,3.0,3.0,5.0
273,8.0,49.0,3.0,5.0,6.0,6.0,2.0,6.0,5.0,5.0,4.0,2.0,5.0,2.0,5.0,7.0,8.0,3.0,4.0,5.0
274,5.0,55.0,3.0,6.0,3.0,9.0,6.0,9.0,8.0,7.0,4.0,2.0,7.0,3.0,5.0,5.0,5.0,2.0,3.0,2.0
275,4.0,58.0,4.0,3.0,3.0,8.0,1.0,6.0,7.0,9.0,6.0,3.0,6.0,1.0,10.0,5.0,5.0,3.0,3.0,5.0
276,5.0,53.0,8.0,2.0,1.0,9.0,4.0,2.0,7.0,5.0,6.0,5.0,3.0,2.0,8.0,6.0,4.0,7.0,4.0,5.0
277,3.0,44.0,9.0,1.0,2.0,9.0,5.0,2.0,5.0,5.0,6.0,7.0,4.0,4.0,11.0,4.0,4.0,8.0,3.0,5.0
278,3.0,53.0,8.0,2.0,0.0,5.0,4.0,2.0,5.0,2.0,8.0,5.0,3.0,6.0,9.0,5.0,5.0,8.0,3.0,5.0
279,10.0,55.0,7.0,6.0,3.0,3.0,4.0,2.0,5.0,2.0,7.0,4.0,3.0,7.0,6.0,2.0,8.0,8.0,3.0,6.0
280,6.0,51.0,7.0,4.0,2.0,4.0,4.0,1.0,3.0,3.0,8.0,5.0,3.0,4.0,4.0,3.0,5.0,3.0,3.0,3.0
281,6.0,49.0,6.0,7.0,3.0,3.0,6.0,3.0,2.0,4.0,7.0,2.0,2.0,4.0,5.0,3.0,6.0,4.0,4.0,7.0
282,4.0,50.0,7.0,3.0,4.0,2.0,6.0,4.0,3.0,3.0,6.0,5.0,4.0,4.0,7.0,2.0,5.0,7.0,4.0,7.0
283,4.0,46.0,4.0,3.0,5.0,5.0,7.0,2.0,0.0,4.0,6.0,6.0,5.0,4.0,6.0,2.0,3.0,4.0,8.0,6.0
284,3.0,47.0,7.0,5.0,5.0,3.0,6.0,7.0,1.0,5.0,7.0,5.0,7.0,5.0,4.0,4.0,3.0,2.0,5.0,4.0
285,2.0,46.0,8.0,5.0,4.0,2.0,7.0,7.0,1.0,5.0,6.0,6.0,7.0,4.0,3.0,5.0,4.0,3.0,6.0,3.0
286,3.0,42.0,9.0,4.0,7.0,0.0,9.0,5.0,1.0,6.0,5.0,4.0,7.0,3.0,2.0,5.0,6.0,5.0,5.0,3.0
287,2.0,43.0,6.0,3.0,4.0,1.0,5.0,6.0,1.0,5.0,8.0,5.0,8.0,4.0,3.0,6.0,5.0,4.0,6.0,3.0
288,1.0,43.0,5.0,3.0,3.0,3.0,6.0,6.0,0.0,2.0,7.0,3.0,6.0,4.0,2.0,5.0,7.0,3.0,6.0,3.0
289,1.0,43.0,7.0,3.0,2.0,3.0,4.0,6.0,1.0,2.0,5.0,3.0,4.0,5.0,2.0,5.0,7.0,6.0,5.0,6.0
290,1.0,44.0,6.0,6.0,2.0,4.0,6.0,5.0,4.0,4.0,4.0,3.0,4.0,3.0,5.0,6.0,5.0,4.0,8.0,8.0
291,1.0,44.0,4.0,6.0,2.0,4.0,3.0,5.0,5.0,6.0,2.0,4.0,3.0,6.0,6.0,8.0,6.0,6.0,7.0,8.0
292,0.0,46.0,5.0,4.0,1.0,5.0,5.0,8.0,8.0,5.0,3.0,4.0,4.0,4.0,5.0,7.0,6.0,5.0,4.0,5.0
293,2.0,63.0,3.0,5.0,4.0,3.0,5.0,7.0,8.0,4.0,5.0,4.0,5.0,3.0,2.0,5.0,4.0,5.0,3.0,5.0
294,3.0,66.0,4.0,5.0,4.0,3.0,4.0,8.0,6.0,4.0,8.0,7.0,5.0,3.0,7.0,10.0,6.0,5.0,4.0,5.0
295,4.0,67.0,4.0,4.0,9.0,4.0,8.0,9.0,5.0,4.0,6.0,7.0,8.0,6.0,8.0,8.0,6.0,5.0,4.0,2.0
296,5.0,75.0,5.0,4.0,9.0,5.0,8.0,8.0,7.0,4.0,9.0,5.0,9.0,6.0,7.0,8.0,3.0,6.0,4.0,4.0
297,5.0,63.0,4.0,3.0,7.0,5.0,9.0,11.0,6.0,2.0,9.0,5.0,12.0,6.0,7.0,9.0,3.0,7.0,6.0,4.0
298,5.0,54.0,5.0,6.0,7.0,6.0,7.0,14.0,5.0,4.0,8.0,5.0,9.0,5.0,5.0,9.0,3.0,8.0,7.0,3.0
299,6.0,55.0,5.0,9.0,6.0,5.0,4.0,9.0,4.0,4.0,8.0,4.0,9.0,6.0,5.0,8.0,3.0,8.0,5.0,4.0
300,7.0,52.0,5.0,6.0,4.0,8.0,5.0,9.0,6.0,5.0,6.0,6.0,9.0,7.0,4.0,7.0,3.0,9.0,6.0,4.0
301,5.0,49.0,4.0,8.0,6.0,10.0,3.0,7.0,6.0,7.0,7.0,4.0,9.0,7.0,7.0,6.0,3.0,7.0,6.0,4.0
302,8.0,58.0,4.0,7.0,9.0,7.0,3.0,6.0,7.0,6.0,5.0,2.0,6.0,6.0,8.0,9.0,1.0,4.0,6.0,3.0
303,8.0,59.0,3.0,8.0,8.0,5.0,4.0,5.0,6.0,4.0,7.0,3.0,5.0,7.0,8.0,9.0,1.0,5.0,4.0,3.0
304,5.0,60.0,4.0,8.0,5.0,4.0,7.0,6.0,6.0,8.0,8.0,4.0,5.0,9.0,7.0,9.0,3.0,5.0,9.0,2.0
305,9.0,54.0,6.0,6.0,6.0,4.0,5.0,6.0,5.0,7.0,10.0,3.0,3.0,7.0,7.0,9.0,2.0,5.0,6.0,2.0
306,9.0,49.0,9.0,8.0,6.0,5.0,3.0,5.0,6.0,8.0,8.0,4.0,5.0,7.0,5.0,8.0,4.0,3.0,7.0,2.0
307,7.0,42.0,9.0,9.0,4.0,6.0,2.0,4.0,5.0,4.0,9.0,3.0,7.0,9.0,5.0,8.0,7.0,3.0,3.0,4.0
308,9.0,44.0,8.0,10.0,2.0,2.0,3.0,2.0,6.0,2.0,5.0,3.0,5.0,7.0,7.0,7.0,6.0,4.0,1.0,4.0
309,8.0,39.0,9.0,11.0,3.0,3.0,2.0,3.0,4.0,5.0,4.0,5.0,6.0,9.0,8.0,8.0,6.0,5.0,2.0,5.0
310,6.0,46.0,9.0,9.0,3.0,2.0,2.0,3.0,3.0,4.0,2.0,7.0,5.0,9.0,8.0,5.0,2.0,6.0,2.0,5.0
311,4.0,37.0,6.0,9.0,3.0,4.0,6.0,2.0,2.0,6.0,2.0,3.0,3.0,6.0,6.0,4.0,4.0,6.0,2.0,4.0
312,4.0,44.0,6.0,9.0,4.0,3.0,5.0,3.0,3.0,5.0,3.0,1.0,3.0,6.0,7.0,5.0,6.0,6.0,3.0,4.0
313,2.0,44.0,9.0,8.0,6.0,1.0,4.0,2.0,4.0,6.0,1.0,0.0,5.0,5.0,3.0,3.0,7.0,5.0,2.0,4.0
314,3.0,55.0,7.0,7.0,4.0,2.0,3.0,2.0,6.0,6.0,5.0,1.0,6.0,6.0,4.0,4.0,5.0,3.0,5.0,5.0
315,4.0,60.0,7.0,3.0,4.0,8.0,6.0,4.0,5.0,8.0,7.0,2.0,5.0,6.0,4.0,4.0,5.0,4.0,7.0,4.0
316,2.0,58.0,7.0,4.0,4.0,6.0,5.0,5.0,3.0,11.0,7.0,1.0,6.0,6.0,4.0,8.0,6.0,6.0,7.0,5.0
317,3.0,58.0,5.0,4.0,5.0,7.0,5.0,5.0,3.0,8.0,7.0,3.0,6.0,9.0,4.0,9.0,6.0,6.0,5.0,5.0
318,2.0,58.0,5.0,3.0,7.0,8.0,3.0,7.0,4.0,5.0,8.0,5.0,6.0,6.0,8.0,7.0,3.0,7.0,4.0,6.0
319,3.0,55.0,6.0,3.0,5.0,6.0,3.0,8.0,4.0,7.0,5.0,3.0,4.0,5.0,9.0,7.0,3.0,5.0,5.0,5.0
320,2.0,55.0,3.0,3.0,5.0,5.0,2.0,5.0,2.0,5.0,4.0,1.0,2.0,5.0,8.0,7.0,2.0,5.0,4.0,5.0
321,2.0,57.0,4.0,5.0,4.0,7.0,2.0,5.0,2.0,4.0,7.0,2.0,2.0,3.0,6.0,6.0,3.0,8.0,5.0,5.0
322,3.0,52.0,5.0,4.0,3.0,6.0,4.0,5.0,4.0,3.0,6.0,4.0,1.0,5.0,2.0,3.0,5.0,6.0,4.0,5.0
323,4.0,56.0,7.0,5.0,2.0,5.0,5.0,6.0,5.0,3.0,6.0,6.0,3.0,6.0,3.0,5.0,6.0,6.0,3.0,4.0
324,2.0,62.0,7.0,5.0,3.0,6.0,5.0,6.0,5.0,3.0,4.0,4.0,2.0,5.0,5.0,3.0,6.0,4.0,6.0,5.0
325,3.0,60.0,7.0,5.0,4.0,5.0,5.0,9.0,5.0,1.0,4.0,5.0,6.0,9.0,6.0,7.0,7.0,6.0,8.0,6.0
326,4.0,56.0,7.0,5.0,3.0,5.0,7.0,9.0,4.0,3.0,4.0,4.0,7.0,7.0,5.0,4.0,5.0,4.0,6.0,3.0
327,3.0,55.0,5.0,4.0,3.0,8.0,7.0,11.0,4.0,2.0,3.0,3.0,5.0,6.0,5.0,6.0,3.0,6.0,7.0,3.0
328,4.0,56.0,8.0,3.0,2.0,8.0,6.0,11.0,7.0,2.0,2.0,3.0,5.0,6.0,5.0,6.0,4.0,8.0,6.0,3.0
329,4.0,61.0,7.0,2.0,3.0,6.0,6.0,11.0,5.0,2.0,7.0,2.0,4.0,6.0,9.0,7.0,4.0,6.0,8.0,1.0
330,5.0,53.0,5.0,3.0,4.0,6.0,4.0,10.0,6.0,3.0,6.0,0.0,5.0,6.0,5.0,5.0,7.0,5.0,8.0,2.0
331,4.0,51.0,4.0,4.0,7.0,6.0,3.0,8.0,5.0,3.0,7.0,1.0,6.0,7.0,10.0,4.0,4.0,7.0,9.0,2.0
332,6.0,55.0,3.0,5.0,7.0,4.0,2.0,4.0,6.0,5.0,5.0,2.0,5.0,8.0,10.0,3.0,4.0,7.0,12.0,1.0
333,6.0,59.0,2.0,6.0,7.0,6.0,3.0,7.0,10.0,8.0,5.0,4.0,5.0,6.0,9.0,4.0,5.0,7.0,10.0,2.0
334,9.0,52.0,2.0,3.0,7.0,8.0,4.0,7.0,7.0,4.0,3.0,2.0,6.0,7.0,8.0,4.0,3.0,8.0,7.0,2.0
335,8.0,45.0,2.0,4.0,6.0,5.0,4.0,11.0,5.0,5.0,4.0,3.0,9.0,6.0,7.0,3.0,0.0,8.0,6.0,4.0
336,6.0,50.0,2.0,5.0,5.0,5.0,7.0,9.0,5.0,3.0,4.0,5.0,11.0,4.0,9.0,3.0,4.0,7.0,4.0,4.0
337,4.0,43.0,5.0,3.0,5.0,5.0,7.0,6.0,6.0,5.0,7.0,4.0,9.0,5.0,9.0,5.0,4.0,7.0,5.0,5.0
338,3.0,43.0,6.0,2.0,3.0,9.0,8.0,8.0,6.0,6.0,5.0,2.0,7.0,3.0,6.0,4.0,2.0,7.0,6.0,3.0
339,3.0,40.0,4.0,1.0,4.0,6.0,7.0,8.0,5.0,5.0,7.0,4.0,5.0,3.0,6.0,3.0,2.0,7.0,7.0,4.0
340,4.0,40.0,5.0,1.0,3.0,6.0,6.0,4.0,6.0,3.0,5.0,3.0,2.0,3.0,6.0,2.0,1.0,8.0,4.0,6.0
341,7.0,40.0,5.0,3.0,4.0,9.0,4.0,3.0,6.0,8.0,4.0,2.0,2.0,2.0,3.0,2.0,1.0,8.0,3.0,12.0
342,4.0,42.0,8.0,3.0,5.0,6.0,3.0,3.0,3.0,2.0,4.0,2.0,5.0,7.0,4.0,3.0,1.0,5.0,2.0,8.0
343,4.0,46.0,3.0,4.0,6.0,7.0,6.0,6.0,5.0,1.0,3.0,2.0,3.0,7.0,4.0,5.0,1.0,3.0,8.0,7.0
344,4.0,45.0,3.0,5.0,6.0,7.0,3.0,6.0,6.0,3.0,2.0,5.0,6.0,5.0,4.0,3.0,1.0,6.0,6.0,7.0
345,6.0,51.0,4.0,6.0,3.0,6.0,2.0,1.0,6.0,7.0,2.0,4.0,8.0,4.0,5.0,4.0,2.0,9.0,4.0,5.0
346,8.0,53.0,3.0,5.0,3.0,8.0,1.0,3.0,7.0,7.0,4.0,6.0,8.0,6.0,4.0,5.0,3.0,8.0,3.0,4.0
347,8.0,50.0,3.0,4.0,2.0,7.0,3.0,3.0,3.0,8.0,6.0,6.0,8.0,4.0,4.0,7.0,2.0,8.0,3.0,5.0
348,8.0,55.0,3.0,3.0,3.0,4.0,6.0,3.0,4.0,6.0,4.0,5.0,7.0,5.0,5.0,6.0,2.0,6.0,3.0,6.0
349,6.0,47.0,2.0,4.0,5.0,4.0,8.0,3.0,3.0,6.0,4.0,6.0,5.0,7.0,4.0,8.0,5.0,8.0,3.0,5.0
350,4.0,54.0,2.0,3.0,7.0,7.0,6.0,3.0,4.0,6.0,5.0,7.0,5.0,6.0,7.0,7.0,4.0,6.0,2.0,6.0
351,3.0,59.0,5.0,6.0,6.0,6.0,5.0,4.0,5.0,5.0,3.0,7.0,6.0,6.0,8.0,9.0,5.0,6.0,4.0,6.0
352,4.0,61.0,5.0,6.0,4.0,4.0,6.0,2.0,6.0,7.0,6.0,6.0,6.0,4.0,6.0,7.0,3.0,8.0,3.0,8.0
353,5.0,53.0,4.0,8.0,6.0,4.0,7.0,4.0,9.0,10.0,8.0,7.0,3.0,4.0,8.0,3.0,3.0,4.0,4.0,8.0
354,6.0,52.0,8.0,6.0,5.0,4.0,6.0,5.0,9.0,9.0,6.0,7.0,5.0,5.0,7.0,1.0,3.0,4.0,4.0,7.0
355,4.0,43.0,7.0,7.0,5.0,5.0,5.0,4.0,6.0,7.0,5.0,10.0,3.0,7.0,7.0,2.0,5.0,3.0,7.0,6.0
356,4.0,44.0,6.0,4.0,2.0,3.0,5.0,4.0,8.0,4.0,5.0,6.0,4.0,9.0,5.0,4.0,5.0,5.0,5.0,6.0
357,3.0,47.0,6.0,3.0,3.0,2.0,4.0,4.0,7.0,4.0,6.0,7.0,5.0,5.0,4.0,5.0,5.0,4.0,5.0,7.0
358,3.0,38.0,7.0,3.0,3.0,3.0,2.0,3.0,5.0,2.0,4.0,6.0,4.0,4.0,3.0,2.0,3.0,5.0,5.0,6.0
359,2.0,39.0,6.0,3.0,2.0,3.0,3.0,4.0,6.0,3.0,6.0,6.0,3.0,4.0,2.0,4.0,2.0,3.0,6.0,6.0
360,1.0,46.0,8.0,3.0,0.0,5.0,6.0,6.0,4.0,4.0,7.0,4.0,3.0,3.0,2.0,7.0,7.0,5.0,4.0,2.0
361,1.0,52.0,7.0,0.0,2.0,3.0,6.0,3.0,5.0,2.0,4.0,4.0,4.0,6.0,2.0,9.0,4.0,4.0,4.0,4.0
362,2.0,57.0,6.0,0.0,2.0,1.0,7.0,4.0,4.0,3.0,5.0,6.0,5.0,5.0,3.0,9.0,6.0,3.0,3.0,3.0
363,2.0,55.0,3.0,3.0,2.0,4.0,4.0,8.0,4.0,6.0,5.0,4.0,6.0,7.0,3.0,6.0,5.0,2.0,4.0,6.0
364,1.0,52.0,1.0,3.0,3.0,7.0,1.0,9.0,6.0,5.0,4.0,5.0,6.0,6.0,6.0,5.0,4.0,3.0,3.0,5.0
365,2.0,55.0,2.0,2.0,7.0,7.0,2.0,8.0,5.0,4.0,1.0,4.0,5.0,6.0,8.0,6.0,3.0,4.0,5.0,5.0
366,2.0,53.0,3.0,4.0,5.0,8.0,3.0,4.0,5.0,5.0,4.0,7.0,5.0,2.0,7.0,4.0,3.0,4.0,6.0,6.0
367,2.0,46.0,4.0,4.0,0.0,6.0,5.0,4.0,7.0,3.0,5.0,8.0,5.0,2.0,9.0,2.0,4.0,4.0,4.0,5.0
368,1.0,50.0,3.0,5.0,3.0,4.0,6.0,5.0,8.0,2.0,4.0,12.0,7.0,2.0,8.0,2.0,4.0,4.0,7.0,5.0
369,1.0,52.0,3.0,6.0,5.0,2.0,10.0,6.0,13.0,2.0,3.0,9.0,9.0,2.0,7.0,2.0,3.0,3.0,4.0,5.0
370,2.0,57.0,2.0,8.0,10.0,5.0,8.0,7.0,11.0,7.0,5.0,9.0,10.0,2.0,1.0,1.0,4.0,3.0,8.0,6.0
371,6.0,59.0,3.0,6.0,7.0,6.0,8.0,10.0,12.0,8.0,6.0,11.0,10.0,3.0,1.0,3.0,6.0,3.0,6.0,5.0
372,7.0,45.0,3.0,3.0,7.0,5.0,8.0,8.0,10.0,11.0,5.0,9.0,8.0,4.0,2.0,2.0,6.0,4.0,7.0,3.0
373,7.0,43.0,1.0,2.0,6.0,4.0,9.0,5.0,10.0,12.0,3.0,9.0,8.0,4.0,2.0,2.0,4.0,3.0,8.0,5.0
374,5.0,41.0,3.0,2.0,3.0,7.0,8.0,4.0,6.0,11.0,4.0,10.0,5.0,4.0,2.0,4.0,4.0,3.0,5.0,5.0
375,1.0,48.0,2.0,2.0,3.0,7.0,7.0,5.0,5.0,8.0,5.0,8.0,9.0,7.0,1.0,3.0,6.0,3.0,5.0,5.0
376,1.0,46.0,3.0,2.0,6.0,7.0,4.0,3.0,4.0,7.0,6.0,5.0,5.0,8.0,2.0,4.0,5.0,3.0,5.0,6.0
377,0.0,48.0,4.0,2.0,5.0,6.0,4.0,5.0,8.0,2.0,2.0,4.0,5.0,9.0,0.0,6.0,3.0,4.0,5.0,7.0
378,2.0,51.0,5.0,4.0,6.0,8.0,4.0,7.0,7.0,5.0,3.0,3.0,6.0,7.0,2.0,5.0,5.0,5.0,5.0,7.0
379,3.0,48.0,6.0,3.0,6.0,7.0,4.0,5.0,8.0,3.0,3.0,4.0,3.0,6.0,2.0,6.0,5.0,5.0,7.0,5.0
380,6.0,53.0,4.0,4.0,6.0,4.0,6.0,4.0,5.0,4.0,3.0,3.0,4.0,5.0,0.0,5.0,3.0,4.0,6.0,4.0
381,5.0,44.0,4.0,2.0,5.0,6.0,4.0,2.0,6.0,5.0,5.0,4.0,4.0,7.0,1.0,5.0,3.0,3.0,4.0,2.0
382,6.0,43.0,2.0,3.0,7.0,10.0,2.0,2.0,4.0,4.0,3.0,2.0,2.0,6.0,2.0,4.0,5.0,0.0,4.0,3.0
383,4.0,49.0,5.0,5.0,6.0,9.0,0.0,3.0,6.0,6.0,2.0,7.0,2.0,6.0,4.0,5.0,4.0,0.0,3.0,5.0
384,6.0,45.0,5.0,3.0,8.0,8.0,1.0,4.0,3.0,6.0,3.0,4.0,3.0,6.0,4.0,5.0,4.0,4.0,3.0,1.0
385,4.0,45.0,6.0,3.0,6.0,4.0,0.0,4.0,2.0,4.0,3.0,3.0,4.0,5.0,3.0,8.0,3.0,3.0,4.0,3.0
386,4.0,50.0,8.0,3.0,6.0,2.0,1.0,2.0,2.0,6.0,3.0,2.0,5.0,6.0,3.0,12.0,4.0,4.0,5.0,5.0
387,5.0,49.0,10.0,4.0,4.0,2.0,1.0,2.0,1.0,9.0,4.0,8.0,4.0,6.0,5.0,9.0,4.0,3.0,3.0,2.0
388,6.0,38.0,10.0,4.0,3.0,3.0,3.0,3.0,3.0,9.0,5.0,7.0,3.0,8.0,6.0,7.0,8.0,7.0,4.0,3.0
389,4.0,46.0,5.0,4.0,2.0,4.0,5.0,5.0,6.0,7.0,3.0,9.0,4.0,6.0,5.0,8.0,7.0,8.0,4.0,1.0
390,4.0,55.0,5.0,4.0,2.0,7.0,4.0,4.0,8.0,6.0,1.0,10.0,5.0,6.0,4.0,8.0,4.0,7.0,3.0,3.0
391,5.0,46.0,3.0,4.0,3.0,7.0,4.0,6.0,7.0,7.0,1.0,5.0,6.0,5.0,6.0,10.0,4.0,5.0,5.0,2.0
392,4.0,48.0,3.0,3.0,3.0,2.0,3.0,6.0,7.0,6.0,4.0,5.0,5.0,7.0,7.0,8.0,4.0,3.0,5.0,1.0
393,8.0,54.0,4.0,3.0,3.0,2.0,3.0,7.0,5.0,5.0,2.0,4.0,5.0,7.0,4.0,5.0,8.0,1.0,6.0,2.0
394,8.0,48.0,5.0,4.0,6.0,2.0,6.0,8.0,3.0,4.0,2.0,5.0,3.0,6.0,2.0,6.0,8.0,2.0,6.0,1.0
395,7.0,50.0,3.0,6.0,3.0,1.0,4.0,8.0,1.0,4.0,2.0,4.0,2.0,9.0,1.0,6.0,5.0,3.0,7.0,2.0
396,4.0,52.0,3.0,8.0,4.0,1.0,5.0,8.0,0.0,4.0,3.0,4.0,4.0,6.0,2.0,7.0,9.0,3.0,7.0,3.0
397,4.0,60.0,1.0,5.0,6.0,2.0,4.0,6.0,2.0,2.0,3.0,5.0,3.0,9.0,1.0,6.0,8.0,2.0,8.0,1.0
398,9.0,54.0,3.0,3.0,8.0,2.0,5.0,7.0,3.0,2.0,5.0,7.0,2.0,7.0,5.0,8.0,7.0,6.0,9.0,4.0
399,9.0,55.0,2.0,3.0,7.0,2.0,4.0,6.0,1.0,3.0,5.0,7.0,6.0,5.0,6.0,7.0,7.0,6.0,9.0,3.0
400,10.0,47.0,1.0,4.0,8.0,3.0,7.0,5.0,3.0,3.0,3.0,6.0,6.0,4.0,4.0,7.0,5.0,5.0,6.0,3.0
401,10.0,50.0,4.0,8.0,8.0,2.0,6.0,6.0,4.0,3.0,2.0,5.0,6.0,5.0,2.0,7.0,3.0,5.0,7.0,4.0
402,11.0,47.0,2.0,5.0,9.0,1.0,5.0,6.0,5.0,3.0,4.0,3.0,7.0,3.0,3.0,7.0,4.0,6.0,6.0,6.0
403,9.0,45.0,3.0,4.0,9.0,4.0,7.0,4.0,3.0,6.0,2.0,6.0,7.0,4.0,3.0,7.0,4.0,7.0,4.0,6.0
404,11.0,47.0,1.0,7.0,10.0,7.0,4.0,4.0,4.0,8.0,3.0,5.0,8.0,3.0,4.0,7.0,4.0,6.0,6.0,4.0
405,8.0,51.0,3.0,4.0,9.0,9.0,4.0,4.0,8.0,4.0,4.0,6.0,4.0,3.0,3.0,7.0,4.0,6.0,2.0,5.0
406,6.0,44.0,4.0,3.0,8.0,10.0,8.0,4.0,6.0,5.0,3.0,6.0,4.0,3.0,2.0,8.0,5.0,5.0,1.0,5.0
407,2.0,38.0,4.0,6.0,6.0,6.0,7.0,2.0,8.0,4.0,0.0,8.0,3.0,3.0,3.0,9.0,3.0,6.0,0.0,5.0
408,0.0,35.0,5.0,6.0,5.0,4.0,3.0,3.0,6.0,5.0,1.0,8.0,2.0,3.0,3.0,10.0,3.0,5.0,3.0,3.0
409,0.0,39.0,5.0,5.0,8.0,2.0,2.0,4.0,5.0,5.0,2.0,5.0,3.0,5.0,2.0,10.0,5.0,6.0,7.0,3.0
410,1.0,38.0,5.0,6.0,8.0,1.0,3.0,5.0,5.0,5.0,3.0,3.0,3.0,5.0,3.0,9.0,4.0,3.0,3.0,3.0
411,1.0,35.0,5.0,6.0,5.0,1.0,4.0,4.0,2.0,3.0,4.0,4.0,3.0,6.0,3.0,6.0,4.0,3.0,3.0,4.0
412,0.0,48.0,4.0,5.0,3.0,2.0,3.0,1.0,2.0,3.0,2.0,5.0,2.0,6.0,6.0,8.0,5.0,2.0,5.0,5.0
413,2.0,47.0,2.0,7.0,3.0,3.0,2.0,1.0,1.0,4.0,3.0,6.0,2.0,6.0,3.0,8.0,3.0,2.0,5.0,5.0
414,1.0,48.0,3.0,9.0,4.0,3.0,3.0,5.0,2.0,2.0,4.0,4.0,1.0,8.0,3.0,8.0,1.0,5.0,5.0,4.0
415,2.0,53.0,3.0,5.0,4.0,4.0,1.0,3.0,7.0,4.0,6.0,6.0,3.0,6.0,4.0,6.0,1.0,5.0,5.0,4.0
416,5.0,46.0,4.0,4.0,5.0,4.0,3.0,2.0,4.0,5.0,8.0,6.0,3.0,5.0,4.0,4.0,1.0,4.0,3.0,4.0
417,4.0,44.0,5.0,4.0,5.0,5.0,2.0,2.0,5.0,4.0,9.0,10.0,4.0,6.0,3.0,6.0,1.0,2.0,2.0,4.0
418,4.0,46.0,5.0,4.0,4.0,7.0,4.0,2.0,5.0,4.0,6.0,9.0,5.0,6.0,5.0,4.0,3.0,2.0,3.0,6.0
419,3.0,46.0,3.0,1.0,6.0,8.0,4.0,0.0,5.0,4.0,4.0,5.0,8.0,5.0,6.0,8.0,3.0,3.0,6.0,7.0
420,3.0,46.0,3.0,1.0,5.0,3.0,5.0,1.0,3.0,4.0,7.0,5.0,6.0,3.0,7.0,9.0,3.0,5.0,5.0,9.0
421,6.0,65.0,4.0,2.0,4.0,3.0,5.0,2.0,4.0,2.0,10.0,5.0,4.0,4.0,9.0,9.0,3.0,5.0,5.0,8.0
422,8.0,61.0,4.0,1.0,2.0,4.0,3.0,4.0,4.0,2.0,11.0,8.0,6.0,6.0,9.0,7.0,3.0,7.0,6.0,7.0
423,7.0,58.0,3.0,0.0,2.0,3.0,7.0,2.0,4.0,2.0,9.0,7.0,6.0,5.0,8.0,10.0,6.0,7.0,7.0,8.0
424,8.0,49.0,6.0,1.0,0.0,3.0,6.0,5.0,2.0,4.0,7.0,6.0,7.0,7.0,4.0,8.0,5.0,8.0,4.0,4.0
425,6.0,41.0,9.0,0.0,1.0,1.0,7.0,6.0,1.0,4.0,5.0,4.0,9.0,3.0,6.0,7.0,5.0,6.0,4.0,3.0
426,6.0,44.0,8.0,3.0,4.0,1.0,4.0,6.0,2.0,7.0,3.0,4.0,9.0,3.0,5.0,5.0,6.0,4.0,4.0,5.0
427,12.0,60.0,6.0,2.0,4.0,3.0,6.0,4.0,3.0,2.0,2.0,5.0,2.0,4.0,4.0,6.0,7.0,4.0,5.0,5.0
428,7.0,56.0,6.0,2.0,4.0,3.0,5.0,6.0,2.0,2.0,4.0,5.0,4.0,3.0,3.0,6.0,5.0,7.0,7.0,5.0
429,6.0,55.0,6.0,4.0,4.0,4.0,6.0,8.0,2.0,5.0,3.0,6.0,3.0,3.0,3.0,5.0,4.0,10.0,8.0,5.0
430,9.0,54.0,8.0,5.0,3.0,5.0,5.0,7.0,3.0,3.0,3.0,6.0,3.0,4.0,5.0,3.0,3.0,8.0,10.0,7.0
431,6.0,51.0,5.0,6.0,3.0,7.0,9.0,8.0,2.0,4.0,4.0,8.0,3.0,3.0,5.0,2.0,4.0,7.0,10.0,7.0
432,5.0,57.0,8.0,5.0,1.0,7.0,5.0,6.0,1.0,3.0,3.0,5.0,2.0,2.0,4.0,3.0,4.0,6.0,5.0,5.0
433,6.0,62.0,8.0,5.0,2.0,7.0,4.0,7.0,2.0,4.0,3.0,4.0,3.0,0.0,4.0,4.0,5.0,7.0,7.0,7.0
434,6.0,65.0,5.0,5.0,5.0,9.0,6.0,9.0,6.0,4.0,4.0,4.0,4.0,2.0,4.0,5.0,6.0,5.0,8.0,7.0
435,6.0,60.0,4.0,7.0,6.0,8.0,5.0,8.0,6.0,3.0,4.0,4.0,3.0,3.0,4.0,7.0,7.0,5.0,8.0,6.0
436,5.0,45.0,7.0,5.0,6.0,7.0,6.0,9.0,5.0,5.0,6.0,4.0,3.0,5.0,5.0,7.0,7.0,3.0,9.0,6.0
437,4.0,47.0,4.0,4.0,5.0,7.0,4.0,7.0,5.0,5.0,7.0,3.0,3.0,6.0,8.0,7.0,6.0,5.0,9.0,6.0
438,7.0,44.0,8.0,5.0,4.0,6.0,7.0,8.0,6.0,6.0,7.0,2.0,2.0,6.0,6.0,7.0,8.0,3.0,9.0,6.0
439,6.0,38.0,7.0,6.0,3.0,3.0,6.0,6.0,5.0,2.0,4.0,3.0,2.0,6.0,6.0,5.0,5.0,6.0,9.0,7.0
440,5.0,54.0,4.0,3.0,6.0,2.0,6.0,5.0,4.0,4.0,2.0,5.0,3.0,3.0,5.0,1.0,6.0,5.0,9.0,7.0
441,8.0,58.0,3.0,2.0,5.0,2.0,8.0,5.0,2.0,4.0,1.0,7.0,2.0,7.0,5.0,1.0,7.0,5.0,10.0,7.0
442,10.0,48.0,4.0,2.0,6.0,2.0,6.0,3.0,4.0,6.0,4.0,7.0,2.0,7.0,10.0,1.0,7.0,8.0,9.0,9.0
443,9.0,54.0,3.0,2.0,6.0,2.0,6.0,4.0,6.0,6.0,4.0,3.0,2.0,7.0,4.0,0.0,4.0,8.0,8.0,9.0
444,10.0,54.0,3.0,1.0,7.0,2.0,5.0,8.0,5.0,6.0,3.0,3.0,3.0,4.0,4.0,1.0,3.0,6.0,12.0,8.0
445,10.0,51.0,4.0,3.0,5.0,2.0,5.0,8.0,4.0,6.0,5.0,4.0,3.0,3.0,7.0,1.0,4.0,6.0,12.0,8.0
446,10.0,50.0,5.0,4.0,7.0,4.0,7.0,7.0,5.0,8.0,3.0,4.0,4.0,4.0,10.0,1.0,4.0,9.0,12.0,9.0
447,7.0,57.0,6.0,4.0,5.0,5.0,8.0,8.0,5.0,6.0,5.0,5.0,6.0,5.0,8.0,4.0,5.0,9.0,11.0,7.0
448,5.0,58.0,7.0,2.0,4.0,5.0,9.0,8.0,5.0,6.0,3.0,4.0,5.0,4.0,10.0,5.0,5.0,11.0,9.0,6.0
449,8.0,49.0,8.0,4.0,5.0,4.0,8.0,3.0,6.0,7.0,4.0,4.0,5.0,5.0,8.0,6.0,7.0,8.0,6.0,6.0
450,6.0,60.0,10.0,5.0,7.0,4.0,6.0,7.0,7.0,4.0,4.0,5.0,4.0,6.0,9.0,6.0,5.0,8.0,5.0,6.0
451,5.0,57.0,9.0,5.0,6.0,3.0,7.0,6.0,11.0,3.0,3.0,5.0,5.0,8.0,8.0,5.0,4.0,8.0,3.0,8.0
452,6.0,55.0,10.0,6.0,3.0,4.0,10.0,10.0,10.0,5.0,5.0,7.0,3.0,7.0,6.0,5.0,2.0,7.0,3.0,7.0
453,7.0,53.0,6.0,6.0,2.0,4.0,6.0,8.0,8.0,6.0,8.0,8.0,4.0,6.0,6.0,6.0,2.0,5.0,1.0,7.0
454,9.0,63.0,8.0,7.0,2.0,2.0,5.0,6.0,8.0,4.0,8.0,7.0,5.0,5.0,6.0,6.0,5.0,5.0,0.0,6.0
455,10.0,66.0,5.0,6.0,3.0,2.0,4.0,7.0,9.0,5.0,10.0,7.0,7.0,4.0,5.0,5.0,8.0,4.0,1.0,10.0
456,11.0,67.0,4.0,7.0,2.0,2.0,8.0,8.0,4.0,4.0,9.0,6.0,9.0,4.0,5.0,6.0,6.0,7.0,0.0,10.0
457,11.0,53.0,3.0,2.0,5.0,3.0,7.0,5.0,3.0,5.0,9.0,5.0,5.0,4.0,9.0,6.0,5.0,9.0,2.0,8.0
458,10.0,54.0,3.0,3.0,7.0,3.0,9.0,6.0,7.0,4.0,8.0,6.0,4.0,3.0,13.0,4.0,5.0,6.0,3.0,8.0
459,8.0,56.0,6.0,5.0,8.0,5.0,5.0,5.0,6.0,4.0,10.0,6.0,5.0,4.0,12.0,3.0,4.0,3.0,4.0,8.0
460,7.0,60.0,5.0,4.0,6.0,7.0,6.0,7.0,6.0,3.0,11.0,5.0,2.0,4.0,9.0,2.0,5.0,2.0,3.0,10.0
461,11.0,59.0,6.0,3.0,5.0,6.0,5.0,5.0,6.0,4.0,9.0,7.0,2.0,3.0,4.0,2.0,9.0,3.0,4.0,10.0
462,7.0,53.0,8.0,5.0,7.0,8.0,6.0,7.0,3.0,3.0,9.0,3.0,2.0,5.0,5.0,1.0,7.0,3.0,4.0,8.0
463,10.0,52.0,8.0,3.0,6.0,8.0,7.0,5.0,1.0,5.0,10.0,6.0,3.0,6.0,5.0,2.0,8.0,3.0,6.0,6.0
464,9.0,53.0,4.0,4.0,9.0,6.0,9.0,3.0,3.0,3.0,8.0,8.0,4.0,5.0,5.0,4.0,8.0,3.0,6.0,3.0
465,7.0,52.0,5.0,3.0,9.0,7.0,7.0,5.0,0.0,1.0,7.0,8.0,5.0,3.0,6.0,6.0,9.0,1.0,7.0,4.0
466,9.0,54.0,6.0,5.0,5.0,9.0,6.0,5.0,1.0,2.0,10.0,7.0,7.0,5.0,10.0,6.0,8.0,3.0,6.0,6.0
467,9.0,50.0,4.0,7.0,6.0,8.0,6.0,5.0,1.0,5.0,12.0,7.0,8.0,5.0,8.0,6.0,6.0,3.0,5.0,8.0
468,7.0,48.0,4.0,6.0,10.0,7.0,4.0,5.0,0.0,4.0,8.0,5.0,4.0,4.0,6.0,5.0,3.0,3.0,5.0,7.0
469,4.0,48.0,4.0,6.0,7.0,7.0,3.0,3.0,1.0,3.0,8.0,4.0,2.0,3.0,4.0,8.0,3.0,5.0,6.0,7.0
470,3.0,46.0,7.0,9.0,4.0,5.0,5.0,3.0,3.0,2.0,8.0,4.0,7.0,3.0,4.0,6.0,3.0,6.0,5.0,4.0
471,2.0,45.0,9.0,3.0,2.0,4.0,4.0,4.0,5.0,3.0,12.0,4.0,7.0,3.0,4.0,6.0,3.0,8.0,6.0,4.0
472,3.0,45.0,3.0,4.0,2.0,4.0,2.0,7.0,2.0,3.0,8.0,5.0,8.0,2.0,3.0,5.0,5.0,5.0,5.0,7.0
473,4.0,45.0,5.0,2.0,4.0,3.0,1.0,3.0,6.0,3.0,6.0,7.0,5.0,4.0,3.0,7.0,4.0,3.0,3.0,9.0
474,3.0,36.0,5.0,3.0,2.0,2.0,3.0,5.0,6.0,2.0,4.0,7.0,3.0,4.0,2.0,6.0,6.0,2.0,8.0,9.0
475,2.0,54.0,6.0,3.0,1.0,4.0,1.0,5.0,4.0,4.0,7.0,7.0,3.0,7.0,3.0,7.0,4.0,5.0,8.0,9.0
476,3.0,55.0,7.0,3.0,3.0,3.0,1.0,3.0,5.0,4.0,9.0,8.0,4.0,5.0,4.0,6.0,2.0,5.0,7.0,5.0
477,5.0,47.0,8.0,2.0,5.0,3.0,2.0,5.0,4.0,3.0,7.0,7.0,3.0,5.0,6.0,6.0,3.0,8.0,7.0,3.0
478,3.0,46.0,10.0,2.0,6.0,2.0,3.0,4.0,4.0,3.0,5.0,7.0,5.0,5.0,5.0,6.0,5.0,6.0,6.0,3.0
479,4.0,47.0,8.0,1.0,6.0,3.0,5.0,3.0,4.0,2.0,4.0,7.0,6.0,6.0,6.0,8.0,3.0,4.0,6.0,6.0
480,6.0,46.0,9.0,2.0,7.0,1.0,1.0,4.0,5.0,6.0,4.0,7.0,9.0,7.0,5.0,7.0,5.0,6.0,5.0,5.0
481,5.0,49.0,8.0,4.0,5.0,3.0,2.0,4.0,5.0,6.0,4.0,7.0,9.0,5.0,6.0,6.0,4.0,8.0,5.0,3.0
482,5.0,50.0,6.0,4.0,5.0,5.0,1.0,2.0,5.0,7.0,6.0,5.0,7.0,4.0,4.0,6.0,4.0,6.0,4.0,4.0
483,4.0,48.0,5.0,3.0,5.0,5.0,5.0,4.0,3.0,5.0,6.0,5.0,4.0,5.0,2.0,5.0,4.0,7.0,4.0,3.0
484,5.0,43.0,5.0,3.0,7.0,5.0,4.0,3.0,3.0,4.0,8.0,4.0,4.0,2.0,2.0,7.0,5.0,7.0,6.0,2.0
485,4.0,48.0,5.0,6.0,6.0,2.0,4.0,2.0,2.0,6.0,7.0,6.0,3.0,3.0,4.0,3.0,3.0,8.0,8.0,2.0
486,3.0,48.0,2.0,4.0,5.0,2.0,5.0,1.0,3.0,6.0,8.0,4.0,4.0,3.0,2.0,2.0,4.0,4.0,4.0,2.0
487,2.0,43.0,3.0,6.0,6.0,1.0,6.0,0.0,3.0,8.0,6.0,1.0,3.0,3.0,2.0,0.0,5.0,4.0,3.0,4.0
488,2.0,38.0,2.0,7.0,6.0,4.0,7.0,2.0,3.0,5.0,6.0,2.0,4.0,2.0,1.0,0.0,6.0,3.0,3.0,4.0
489,2.0,47.0,2.0,3.0,7.0,2.0,6.0,0.0,4.0,5.0,6.0,1.0,7.0,3.0,1.0,0.0,6.0,4.0,3.0,7.0
490,3.0,56.0,4.0,3.0,5.0,4.0,8.0,0.0,4.0,5.0,6.0,5.0,5.0,6.0,2.0,1.0,6.0,7.0,6.0,5.0
491,2.0,53.0,6.0,3.0,2.0,3.0,8.0,0.0,3.0,4.0,4.0,5.0,5.0,6.0,3.0,4.0,4.0,4.0,7.0,6.0
492,3.0,51.0,4.0,1.0,3.0,3.0,6.0,3.0,3.0,4.0,4.0,4.0,8.0,8.0,2.0,4.0,4.0,3.0,5.0,4.0
493,5.0,54.0,5.0,3.0,2.0,3.0,5.0,1.0,3.0,3.0,7.0,6.0,6.0,6.0,3.0,5.0,7.0,5.0,4.0,2.0
494,1.0,55.0,4.0,3.0,1.0,3.0,4.0,1.0,3.0,5.0,7.0,8.0,7.0,3.0,3.0,3.0,8.0,8.0,6.0,4.0
495,2.0,40.0,3.0,3.0,3.0,6.0,6.0,2.0,3.0,7.0,5.0,6.0,7.0,5.0,3.0,5.0,7.0,7.0,8.0,3.0
496,2.0,45.0,3.0,3.0,3.0,7.0,5.0,3.0,2.0,6.0,5.0,4.0,5.0,4.0,2.0,5.0,5.0,5.0,7.0,4.0
497,2.0,47.0,3.0,4.0,3.0,6.0,6.0,5.0,1.0,4.0,3.0,6.0,8.0,5.0,2.0,6.0,6.0,4.0,6.0,4.0
498,0.0,52.0,2.0,3.0,4.0,8.0,5.0,4.0,2.0,3.0,3.0,4.0,7.0,7.0,4.0,5.0,6.0,4.0,8.0,4.0
499,2.0,48.0,2.0,4.0,3.0,9.0,4.0,4.0,1.0,6.0,4.0,6.0,5.0,5.0,4.0,3.0,3.0,4.0,5.0,5.0
500,4.0,47.0,2.0,4.0,2.0,5.0,3.0,6.0,2.0,7.0,5.0,6.0,6.0,5.0,1.0,3.0,3.0,7.0,2.0,4.0
501,6.0,63.0,2.0,3.0,6.0,6.0,4.0,5.0,2.0,7.0,3.0,6.0,7.0,5.0,2.0,5.0,4.0,5.0,3.0,4.0
502,9.0,66.0,4.0,3.0,7.0,8.0,6.0,4.0,3.0,7.0,6.0,7.0,7.0,7.0,3.0,4.0,4.0,3.0,6.0,6.0
503,11.0,61.0,3.0,2.0,8.0,6.0,7.0,4.0,4.0,6.0,6.0,10.0,8.0,10.0,5.0,7.0,2.0,4.0,9.0,4.0
504,11.0,62.0,4.0,1.0,5.0,5.0,6.0,4.0,3.0,6.0,4.0,8.0,7.0,8.0,5.0,7.0,2.0,6.0,11.0,3.0
505,9.0,59.0,5.0,2.0,6.0,7.0,5.0,4.0,1.0,8.0,4.0,8.0,4.0,5.0,5.0,6.0,1.0,7.0,11.0,4.0
506,10.0,59.0,7.0,3.0,8.0,7.0,5.0,2.0,2.0,8.0,4.0,6.0,6.0,5.0,5.0,3.0,1.0,6.0,11.0,6.0
507,10.0,53.0,5.0,5.0,3.0,8.0,6.0,2.0,1.0,7.0,5.0,5.0,6.0,3.0,4.0,1.0,1.0,11.0,11.0,6.0
508,8.0,52.0,6.0,5.0,2.0,8.0,4.0,4.0,2.0,6.0,4.0,3.0,8.0,6.0,3.0,1.0,1.0,12.0,6.0,4.0
509,6.0,47.0,6.0,5.0,2.0,6.0,4.0,3.0,3.0,8.0,5.0,3.0,8.0,3.0,3.0,2.0,2.0,12.0,5.0,4.0
510,4.0,43.0,3.0,3.0,4.0,7.0,5.0,3.0,2.0,5.0,2.0,3.0,7.0,3.0,2.0,2.0,4.0,10.0,5.0,4.0
511,6.0,45.0,2.0,4.0,2.0,7.0,2.0,0.0,6.0,8.0,4.0,3.0,6.0,3.0,2.0,4.0,4.0,9.0,5.0,3.0
512,5.0,55.0,3.0,5.0,5.0,5.0,5.0,0.0,9.0,6.0,5.0,4.0,5.0,6.0,1.0,5.0,8.0,6.0,7.0,3.0
513,6.0,48.0,3.0,4.0,6.0,6.0,7.0,1.0,10.0,6.0,6.0,3.0,5.0,5.0,1.0,6.0,10.0,5.0,5.0,1.0
514,7.0,54.0,4.0,3.0,5.0,7.0,9.0,1.0,8.0,9.0,4.0,4.0,6.0,8.0,3.0,4.0,11.0,5.0,6.0,2.0
515,4.0,49.0,5.0,3.0,6.0,8.0,8.0,4.0,6.0,10.0,5.0,5.0,3.0,7.0,3.0,6.0,10.0,9.0,6.0,5.0
516,6.0,58.0,4.0,4.0,7.0,11.0,5.0,3.0,4.0,8.0,4.0,6.0,5.0,6.0,4.0,9.0,12.0,7.0,3.0,6.0
517,9.0,55.0,3.0,4.0,9.0,9.0,5.0,4.0,3.0,6.0,2.0,5.0,4.0,4.0,4.0,6.0,9.0,7.0,3.0,4.0
518,9.0,47.0,4.0,4.0,6.0,7.0,4.0,1.0,5.0,4.0,3.0,7.0,2.0,5.0,2.0,6.0,8.0,9.0,4.0,4.0
519,10.0,51.0,8.0,6.0,8.0,8.0,4.0,2.0,8.0,5.0,5.0,7.0,3.0,5.0,3.0,6.0,8.0,5.0,5.0,5.0
520,8.0,51.0,10.0,6.0,8.0,5.0,4.0,5.0,8.0,6.0,5.0,5.0,6.0,3.0,3.0,6.0,10.0,6.0,5.0,8.0
521,4.0,49.0,10.0,7.0,8.0,4.0,4.0,6.0,4.0,5.0,8.0,5.0,2.0,4.0,2.0,6.0,9.0,6.0,9.0,6.0
522,4.0,52.0,5.0,6.0,7.0,4.0,6.0,7.0,5.0,5.0,8.0,4.0,3.0,4.0,4.0,5.0,7.0,8.0,7.0,6.0
523,2.0,57.0,8.0,4.0,7.0,4.0,4.0,8.0,4.0,7.0,9.0,5.0,4.0,3.0,3.0,7.0,6.0,6.0,4.0,7.0
524,4.0,47.0,9.0,2.0,8.0,8.0,3.0,9.0,4.0,7.0,8.0,3.0,4.0,4.0,1.0,7.0,8.0,8.0,1.0,7.0
525,3.0,54.0,5.0,1.0,10.0,6.0,2.0,11.0,2.0,5.0,6.0,2.0,4.0,4.0,1.0,6.0,7.0,10.0,2.0,7.0
526,4.0,45.0,6.0,2.0,11.0,7.0,3.0,9.0,5.0,4.0,9.0,1.0,3.0,5.0,3.0,5.0,6.0,13.0,3.0,10.0
527,2.0,49.0,3.0,2.0,11.0,8.0,4.0,6.0,4.0,4.0,10.0,4.0,2.0,4.0,4.0,5.0,7.0,8.0,2.0,9.0
528,3.0,48.0,4.0,1.0,8.0,3.0,2.0,4.0,5.0,5.0,6.0,2.0,1.0,4.0,4.0,7.0,5.0,6.0,4.0,8.0
529,4.0,40.0,3.0,0.0,7.0,4.0,2.0,4.0,5.0,3.0,3.0,3.0,2.0,4.0,4.0,10.0,6.0,4.0,6.0,7.0
530,4.0,44.0,4.0,1.0,6.0,3.0,1.0,2.0,3.0,4.0,4.0,1.0,1.0,6.0,5.0,8.0,5.0,7.0,4.0,6.0
531,4.0,42.0,5.0,2.0,7.0,5.0,4.0,0.0,4.0,5.0,5.0,1.0,1.0,4.0,6.0,5.0,4.0,5.0,1.0,5.0
532,4.0,44.0,5.0,2.0,5.0,7.0,5.0,0.0,4.0,3.0,5.0,3.0,1.0,4.0,9.0,6.0,2.0,4.0,1.0,4.0
533,2.0,41.0,5.0,6.0,7.0,5.0,5.0,1.0,3.0,1.0,2.0,2.0,0.0,8.0,8.0,5.0,4.0,6.0,2.0,4.0
534,3.0,50.0,7.0,7.0,4.0,3.0,4.0,1.0,4.0,3.0,3.0,2.0,3.0,7.0,6.0,4.0,4.0,4.0,2.0,3.0
535,1.0,50.0,6.0,7.0,3.0,3.0,2.0,5.0,4.0,3.0,2.0,2.0,4.0,7.0,3.0,5.0,7.0,6.0,3.0,4.0
536,2.0,49.0,5.0,7.0,4.0,1.0,6.0,5.0,2.0,7.0,0.0,1.0,6.0,4.0,4.0,6.0,6.0,6.0,0.0,9.0
537,3.0,51.0,5.0,9.0,6.0,3.0,9.0,3.0,1.0,9.0,2.0,3.0,5.0,2.0,4.0,5.0,3.0,6.0,1.0,10.0
538,7.0,51.0,5.0,11.0,3.0,4.0,8.0,6.0,1.0,8.0,3.0,7.0,7.0,3.0,4.0,5.0,4.0,6.0,2.0,8.0
539,8.0,44.0,4.0,12.0,5.0,5.0,6.0,2.0,3.0,7.0,7.0,7.0,3.0,3.0,3.0,8.0,2.0,5.0,2.0,9.0
540,4.0,54.0,5.0,6.0,4.0,5.0,5.0,2.0,4.0,8.0,7.0,6.0,4.0,6.0,3.0,6.0,4.0,2.0,1.0,7.0
541,6.0,48.0,4.0,4.0,2.0,5.0,5.0,3.0,3.0,8.0,3.0,4.0,6.0,5.0,6.0,4.0,4.0,3.0,4.0,6.0
542,7.0,48.0,5.0,3.0,4.0,8.0,5.0,4.0,5.0,8.0,6.0,2.0,3.0,5.0,5.0,3.0,4.0,2.0,5.0,3.0
543,7.0,48.0,7.0,4.0,4.0,6.0,5.0,3.0,5.0,6.0,7.0,1.0,6.0,5.0,3.0,3.0,3.0,1.0,3.0,8.0
544,9.0,49.0,6.0,5.0,3.0,6.0,5.0,6.0,5.0,4.0,6.0,2.0,6.0,4.0,4.0,2.0,3.0,4.0,2.0,7.0
545,9.0,53.0,7.0,6.0,4.0,4.0,6.0,5.0,6.0,6.0,2.0,0.0,6.0,6.0,4.0,3.0,5.0,7.0,1.0,7.0
546,9.0,55.0,6.0,7.0,6.0,3.0,7.0,7.0,7.0,5.0,3.0,5.0,6.0,6.0,7.0,4.0,6.0,6.0,2.0,7.0
547,11.0,56.0,6.0,6.0,7.0,6.0,8.0,7.0,8.0,3.0,5.0,6.0,5.0,6.0,7.0,2.0,5.0,4.0,1.0,10.0
548,9.0,46.0,5.0,5.0,7.0,5.0,5.0,8.0,6.0,2.0,6.0,6.0,5.0,5.0,9.0,4.0,3.0,5.0,2.0,8.0
549,4.0,50.0,7.0,4.0,8.0,5.0,7.0,6.0,3.0,2.0,6.0,6.0,3.0,5.0,9.0,4.0,3.0,5.0,2.0,6.0
550,5.0,49.0,6.0,5.0,9.0,4.0,5.0,8.0,4.0,3.0,2.0,4.0,4.0,6.0,9.0,8.0,2.0,3.0,1.0,7.0
551,5.0,52.0,6.0,4.0,9.0,5.0,7.0,8.0,4.0,2.0,3.0,3.0,4.0,6.0,10.0,8.0,2.0,6.0,2.0,6.0
552,2.0,54.0,6.0,4.0,7.0,6.0,5.0,6.0,8.0,2.0,5.0,3.0,7.0,8.0,11.0,10.0,3.0,7.0,3.0,4.0
553,2.0,51.0,5.0,5.0,7.0,8.0,6.0,6.0,4.0,1.0,4.0,4.0,5.0,10.0,13.0,12.0,3.0,7.0,5.0,7.0
554,3.0,52.0,6.0,3.0,4.0,7.0,5.0,6.0,2.0,1.0,3.0,2.0,4.0,9.0,12.0,13.0,3.0,6.0,6.0,4.0
555,4.0,48.0,5.0,3.0,4.0,4.0,5.0,6.0,3.0,1.0,5.0,2.0,3.0,6.0,12.0,11.0,6.0,9.0,3.0,4.0
556,4.0,44.0,4.0,4.0,5.0,2.0,6.0,4.0,3.0,3.0,4.0,7.0,5.0,3.0,14.0,11.0,5.0,12.0,3.0,3.0
557,4.0,50.0,4.0,3.0,5.0,4.0,7.0,2.0,3.0,4.0,4.0,6.0,5.0,3.0,12.0,11.0,4.0,10.0,2.0,4.0
558,5.0,51.0,6.0,6.0,3.0,4.0,6.0,4.0,2.0,3.0,6.0,4.0,6.0,2.0,13.0,9.0,0.0,8.0,5.0,0.0
559,3.0,54.0,5.0,8.0,2.0,4.0,4.0,3.0,5.0,3.0,6.0,7.0,6.0,4.0,8.0,10.0,3.0,5.0,3.0,3.0
560,5.0,51.0,7.0,11.0,2.0,4.0,5.0,4.0,5.0,6.0,7.0,7.0,5.0,4.0,11.0,6.0,0.0,2.0,4.0,4.0
561,2.0,49.0,6.0,10.0,5.0,6.0,4.0,3.0,4.0,7.0,6.0,6.0,8.0,2.0,9.0,9.0,1.0,3.0,6.0,4.0
562,4.0,47.0,7.0,10.0,5.0,7.0,3.0,5.0,4.0,6.0,8.0,6.0,7.0,5.0,7.0,7.0,2.0,2.0,4.0,4.0
563,4.0,47.0,10.0,11.0,5.0,3.0,2.0,4.0,3.0,6.0,7.0,6.0,5.0,6.0,5.0,9.0,1.0,3.0,5.0,6.0
564,3.0,51.0,8.0,10.0,5.0,5.0,5.0,6.0,4.0,8.0,4.0,9.0,3.0,4.0,5.0,7.0,2.0,4.0,7.0,10.0
565,2.0,54.0,6.0,12.0,7.0,7.0,6.0,7.0,5.0,5.0,3.0,5.0,2.0,5.0,8.0,7.0,6.0,7.0,7.0,13.0
566,3.0,44.0,5.0,8.0,9.0,5.0,9.0,9.0,5.0,4.0,2.0,4.0,2.0,5.0,6.0,7.0,4.0,6.0,6.0,12.0
567,4.0,45.0,3.0,7.0,7.0,4.0,6.0,7.0,5.0,4.0,2.0,2.0,2.0,4.0,4.0,8.0,5.0,5.0,4.0,12.0
568,4.0,40.0,4.0,9.0,7.0,5.0,4.0,5.0,4.0,2.0,4.0,4.0,5.0,3.0,4.0,7.0,4.0,5.0,1.0,9.0
569,3.0,39.0,4.0,8.0,10.0,7.0,4.0,7.0,4.0,2.0,2.0,3.0,5.0,3.0,4.0,6.0,4.0,5.0,2.0,7.0
570,3.0,46.0,2.0,9.0,6.0,4.0,3.0,9.0,4.0,3.0,2.0,4.0,1.0,3.0,5.0,6.0,5.0,4.0,0.0,5.0
571,4.0,50.0,1.0,7.0,6.0,5.0,2.0,10.0,3.0,3.0,4.0,4.0,4.0,3.0,7.0,5.0,3.0,4.0,1.0,3.0
572,3.0,50.0,1.0,8.0,6.0,6.0,4.0,7.0,2.0,4.0,6.0,2.0,3.0,2.0,9.0,5.0,3.0,3.0,3.0,6.0
573,4.0,53.0,1.0,5.0,7.0,6.0,4.0,10.0,2.0,2.0,8.0,1.0,6.0,3.0,8.0,5.0,3.0,5.0,2.0,8.0
574,3.0,51.0,2.0,5.0,9.0,5.0,3.0,10.0,3.0,2.0,8.0,1.0,4.0,8.0,6.0,6.0,6.0,7.0,2.0,6.0
575,2.0,37.0,2.0,2.0,3.0,3.0,2.0,9.0,3.0,3.0,5.0,1.0,6.0,7.0,6.0,5.0,6.0,7.0,1.0,8.0
576,2.0,41.0,3.0,4.0,2.0,3.0,4.0,5.0,2.0,1.0,6.0,3.0,3.0,6.0,5.0,4.0,7.0,4.0,0.0,6.0
577,1.0,48.0,3.0,3.0,5.0,4.0,2.0,4.0,1.0,2.0,6.0,7.0,2.0,7.0,6.0,3.0,6.0,5.0,2.0,4.0
578,2.0,50.0,1.0,2.0,5.0,6.0,3.0,5.0,2.0,2.0,9.0,7.0,1.0,4.0,7.0,5.0,8.0,3.0,2.0,6.0
579,5.0,50.0,0.0,2.0,4.0,6.0,2.0,9.0,3.0,3.0,8.0,7.0,1.0,5.0,7.0,6.0,7.0,5.0,3.0,6.0
580,6.0,50.0,1.0,1.0,4.0,8.0,5.0,8.0,5.0,5.0,8.0,4.0,2.0,5.0,5.0,7.0,5.0,3.0,4.0,11.0
581,7.0,57.0,2.0,2.0,5.0,8.0,6.0,8.0,5.0,4.0,7.0,7.0,2.0,6.0,5.0,9.0,5.0,4.0,5.0,12.0
582,11.0,61.0,3.0,2.0,5.0,6.0,6.0,7.0,4.0,4.0,6.0,8.0,3.0,6.0,4.0,7.0,4.0,6.0,4.0,8.0
583,7.0,53.0,3.0,1.0,6.0,6.0,4.0,5.0,4.0,5.0,5.0,9.0,3.0,5.0,7.0,7.0,3.0,7.0,4.0,6.0
584,5.0,47.0,3.0,4.0,4.0,6.0,3.0,6.0,7.0,10.0,5.0,8.0,5.0,6.0,7.0,8.0,5.0,5.0,4.0,5.0
585,4.0,44.0,1.0,4.0,2.0,5.0,4.0,7.0,6.0,6.0,6.0,6.0,4.0,10.0,6.0,8.0,4.0,4.0,4.0,4.0
586,4.0,56.0,2.0,6.0,1.0,2.0,5.0,7.0,4.0,7.0,5.0,8.0,4.0,7.0,6.0,5.0,3.0,4.0,5.0,5.0
587,4.0,52.0,3.0,6.0,1.0,4.0,4.0,6.0,4.0,6.0,6.0,4.0,6.0,5.0,5.0,5.0,6.0,4.0,2.0,3.0
588,6.0,53.0,4.0,4.0,0.0,5.0,5.0,5.0,6.0,5.0,6.0,4.0,4.0,5.0,4.0,5.0,6.0,4.0,3.0,8.0
589,8.0,57.0,2.0,5.0,2.0,3.0,5.0,6.0,6.0,7.0,8.0,6.0,6.0,9.0,3.0,5.0,4.0,4.0,7.0,10.0
590,12.0,52.0,4.0,8.0,2.0,5.0,5.0,7.0,7.0,5.0,6.0,6.0,5.0,4.0,5.0,6.0,4.0,1.0,5.0,9.0
591,9.0,46.0,5.0,9.0,3.0,2.0,4.0,5.0,6.0,5.0,7.0,8.0,4.0,5.0,6.0,6.0,4.0,2.0,4.0,7.0
592,12.0,53.0,7.0,8.0,5.0,3.0,4.0,6.0,5.0,4.0,8.0,7.0,2.0,5.0,6.0,3.0,3.0,2.0,3.0,7.0
593,8.0,53.0,6.0,8.0,6.0,5.0,4.0,4.0,7.0,5.0,8.0,9.0,2.0,6.0,8.0,3.0,3.0,4.0,5.0,7.0
594,9.0,41.0,4.0,6.0,5.0,5.0,6.0,6.0,5.0,5.0,8.0,7.0,2.0,4.0,6.0,2.0,2.0,4.0,2.0,6.0
595,6.0,44.0,4.0,5.0,8.0,4.0,3.0,3.0,5.0,3.0,6.0,6.0,4.0,6.0,5.0,4.0,1.0,5.0,3.0,3.0
596,4.0,40.0,4.0,3.0,8.0,3.0,3.0,3.0,5.0,3.0,2.0,7.0,3.0,6.0,3.0,5.0,2.0,5.0,3.0,4.0
597,5.0,52.0,2.0,3.0,6.0,2.0,3.0,7.0,5.0,1.0,7.0,6.0,4.0,4.0,6.0,7.0,4.0,3.0,0.0,4.0
598,2.0,45.0,4.0,2.0,9.0,7.0,4.0,6.0,6.0,0.0,7.0,4.0,3.0,5.0,8.0,7.0,7.0,5.0,0.0,6.0
599,0.0,49.0,4.0,1.0,6.0,5.0,4.0,5.0,6.0,2.0,7.0,5.0,5.0,6.0,7.0,8.0,4.0,5.0,0.0,5.0
600,2.0,46.0,5.0,1.0,7.0,4.0,6.0,6.0,5.0,5.0,7.0,4.0,7.0,6.0,8.0,6.0,2.0,2.0,1.0,5.0
601,5.0,44.0,5.0,3.0,8.0,4.0,8.0,3.0,7.0,4.0,7.0,3.0,8.0,8.0,6.0,4.0,2.0,2.0,1.0,3.0
602,4.0,37.0,6.0,3.0,7.0,3.0,7.0,3.0,5.0,8.0,6.0,2.0,5.0,2.0,3.0,5.0,2.0,3.0,5.0,5.0
603,4.0,37.0,8.0,3.0,4.0,5.0,9.0,2.0,6.0,4.0,3.0,4.0,5.0,2.0,4.0,6.0,1.0,3.0,6.0,5.0
604,3.0,38.0,5.0,4.0,1.0,5.0,6.0,2.0,8.0,3.0,1.0,1.0,5.0,2.0,4.0,9.0,1.0,2.0,4.0,4.0
605,3.0,46.0,6.0,4.0,1.0,5.0,7.0,2.0,8.0,1.0,2.0,0.0,4.0,2.0,6.0,7.0,1.0,3.0,5.0,4.0
606,4.0,52.0,5.0,6.0,2.0,4.0,8.0,4.0,5.0,1.0,3.0,1.0,8.0,4.0,8.0,7.0,2.0,3.0,4.0,7.0
607,3.0,47.0,6.0,5.0,1.0,5.0,10.0,2.0,2.0,0.0,4.0,4.0,8.0,3.0,8.0,10.0,4.0,5.0,4.0,5.0
608,2.0,40.0,6.0,4.0,1.0,5.0,9.0,3.0,2.0,0.0,5.0,6.0,5.0,3.0,8.0,8.0,3.0,6.0,6.0,5.0
609,2.0,40.0,7.0,3.0,1.0,3.0,7.0,5.0,1.0,2.0,5.0,6.0,3.0,4.0,6.0,8.0,2.0,3.0,4.0,6.0
610,1.0,41.0,4.0,3.0,3.0,1.0,6.0,3.0,1.0,3.0,1.0,7.0,6.0,3.0,6.0,8.0,2.0,2.0,5.0,11.0
611,2.0,49.0,6.0,2.0,2.0,3.0,7.0,4.0,1.0,4.0,2.0,3.0,4.0,2.0,4.0,6.0,3.0,2.0,4.0,12.0
612,4.0,51.0,7.0,2.0,3.0,3.0,9.0,2.0,3.0,5.0,3.0,3.0,3.0,3.0,5.0,5.0,4.0,2.0,5.0,7.0
613,5.0,49.0,7.0,1.0,5.0,4.0,7.0,0.0,4.0,4.0,9.0,4.0,4.0,6.0,6.0,4.0,5.0,2.0,4.0,7.0
614,4.0,54.0,5.0,3.0,7.0,0.0,9.0,1.0,7.0,3.0,7.0,5.0,3.0,5.0,7.0,4.0,9.0,3.0,5.0,5.0
615,3.0,54.0,4.0,4.0,6.0,2.0,9.0,1.0,7.0,3.0,7.0,2.0,5.0,5.0,7.0,4.0,9.0,8.0,5.0,5.0
616,7.0,52.0,5.0,6.0,3.0,6.0,9.0,1.0,8.0,6.0,6.0,2.0,6.0,4.0,3.0,5.0,7.0,9.0,6.0,5.0
617,8.0,49.0,4.0,7.0,6.0,4.0,10.0,1.0,8.0,7.0,6.0,1.0,4.0,3.0,3.0,6.0,5.0,6.0,3.0,3.0
618,6.0,36.0,5.0,7.0,4.0,3.0,11.0,5.0,7.0,7.0,6.0,4.0,3.0,2.0,2.0,6.0,2.0,6.0,0.0,5.0
619,7.0,46.0,2.0,7.0,1.0,3.0,10.0,7.0,9.0,8.0,5.0,3.0,2.0,1.0,1.0,8.0,6.0,5.0,1.0,4.0
620,4.0,41.0,1.0,6.0,2.0,5.0,10.0,5.0,10.0,7.0,6.0,2.0,3.0,1.0,0.0,6.0,6.0,6.0,1.0,5.0
621,3.0,47.0,5.0,5.0,3.0,4.0,4.0,2.0,11.0,5.0,4.0,3.0,4.0,0.0,0.0,5.0,3.0,6.0,2.0,5.0
622,1.0,38.0,5.0,5.0,4.0,5.0,2.0,5.0,10.0,3.0,1.0,1.0,5.0,0.0,2.0,6.0,4.0,4.0,2.0,4.0
623,1.0,47.0,3.0,8.0,4.0,5.0,1.0,2.0,9.0,4.0,3.0,1.0,5.0,1.0,1.0,6.0,5.0,3.0,3.0,4.0
624,2.0,38.0,4.0,8.0,5.0,5.0,1.0,4.0,5.0,3.0,5.0,2.0,5.0,0.0,0.0,4.0,6.0,4.0,3.0,1.0
625,2.0,40.0,4.0,9.0,3.0,5.0,2.0,4.0,5.0,4.0,6.0,2.0,3.0,3.0,1.0,6.0,7.0,6.0,2.0,3.0
626,2.0,45.0,6.0,5.0,6.0,2.0,1.0,2.0,3.0,6.0,6.0,4.0,4.0,1.0,2.0,7.0,6.0,5.0,1.0,5.0
627,0.0,41.0,3.0,4.0,4.0,4.0,2.0,2.0,4.0,6.0,4.0,4.0,2.0,1.0,3.0,4.0,5.0,6.0,5.0,7.0
628,3.0,52.0,2.0,6.0,2.0,5.0,7.0,4.0,3.0,5.0,6.0,8.0,2.0,1.0,4.0,4.0,6.0,6.0,5.0,6.0
629,3.0,49.0,3.0,4.0,0.0,4.0,6.0,7.0,3.0,5.0,8.0,7.0,3.0,2.0,4.0,5.0,5.0,5.0,6.0,4.0
630,4.0,44.0,4.0,4.0,3.0,6.0,4.0,5.0,6.0,5.0,8.0,6.0,4.0,1.0,3.0,6.0,5.0,4.0,3.0,2.0
631,3.0,38.0,4.0,2.0,3.0,3.0,5.0,2.0,7.0,6.0,5.0,4.0,6.0,2.0,6.0,6.0,9.0,1.0,5.0,6.0
632,3.0,39.0,2.0,2.0,3.0,4.0,3.0,2.0,9.0,4.0,7.0,7.0,4.0,2.0,6.0,5.0,7.0,3.0,5.0,5.0
633,2.0,39.0,3.0,1.0,1.0,4.0,3.0,1.0,3.0,4.0,8.0,9.0,5.0,1.0,4.0,2.0,5.0,1.0,7.0,3.0
634,1.0,47.0,5.0,2.0,2.0,4.0,3.0,1.0,2.0,4.0,7.0,7.0,9.0,1.0,3.0,5.0,5.0,1.0,5.0,2.0
635,5.0,52.0,5.0,2.0,2.0,6.0,3.0,2.0,4.0,9.0,5.0,6.0,9.0,0.0,4.0,5.0,8.0,1.0,6.0,3.0
636,5.0,43.0,5.0,3.0,4.0,4.0,2.0,2.0,3.0,6.0,6.0,5.0,8.0,1.0,6.0,5.0,5.0,4.0,6.0,5.0
637,6.0,40.0,5.0,1.0,5.0,3.0,3.0,3.0,2.0,6.0,6.0,4.0,6.0,1.0,4.0,6.0,3.0,3.0,5.0,5.0
638,4.0,50.0,3.0,2.0,6.0,2.0,2.0,5.0,4.0,4.0,2.0,4.0,4.0,6.0,4.0,5.0,2.0,2.0,4.0,2.0
639,2.0,52.0,4.0,4.0,9.0,3.0,3.0,4.0,6.0,5.0,2.0,7.0,5.0,7.0,3.0,5.0,2.0,1.0,4.0,2.0
640,4.0,61.0,7.0,8.0,9.0,4.0,4.0,4.0,7.0,5.0,5.0,7.0,4.0,5.0,4.0,4.0,6.0,3.0,5.0,2.0
641,4.0,60.0,6.0,5.0,9.0,6.0,2.0,5.0,7.0,5.0,6.0,6.0,3.0,4.0,6.0,6.0,7.0,4.0,5.0,3.0
642,5.0,54.0,6.0,5.0,7.0,5.0,3.0,3.0,4.0,8.0,7.0,9.0,3.0,5.0,4.0,5.0,6.0,4.0,4.0,4.0
643,6.0,62.0,7.0,8.0,8.0,6.0,2.0,5.0,5.0,5.0,8.0,7.0,2.0,7.0,6.0,3.0,5.0,2.0,5.0,5.0
644,6.0,58.0,6.0,9.0,6.0,3.0,3.0,7.0,3.0,5.0,10.0,6.0,1.0,5.0,6.0,1.0,5.0,3.0,4.0,6.0
645,6.0,58.0,8.0,11.0,4.0,3.0,5.0,7.0,6.0,7.0,8.0,5.0,0.0,4.0,6.0,1.0,5.0,4.0,4.0,7.0
646,3.0,49.0,8.0,7.0,7.0,4.0,6.0,7.0,4.0,6.0,8.0,7.0,1.0,5.0,7.0,2.0,4.0,6.0,5.0,5.0
647,3.0,40.0,9.0,4.0,5.0,4.0,7.0,7.0,5.0,4.0,5.0,9.0,2.0,4.0,4.0,2.0,4.0,7.0,3.0,7.0
648,4.0,53.0,9.0,4.0,5.0,5.0,7.0,6.0,4.0,5.0,5.0,6.0,3.0,4.0,5.0,3.0,5.0,3.0,2.0,6.0
649,4.0,53.0,9.0,5.0,4.0,6.0,7.0,5.0,8.0,6.0,5.0,5.0,3.0,6.0,5.0,2.0,4.0,4.0,4.0,8.0
650,3.0,51.0,9.0,6.0,6.0,4.0,7.0,4.0,8.0,4.0,9.0,4.0,3.0,3.0,5.0,2.0,4.0,0.0,4.0,6.0
651,4.0,49.0,8.0,2.0,6.0,6.0,2.0,5.0,6.0,6.0,10.0,6.0,2.0,4.0,5.0,3.0,2.0,0.0,6.0,8.0
652,1.0,50.0,5.0,7.0,6.0,7.0,1.0,5.0,8.0,6.0,10.0,4.0,6.0,4.0,3.0,3.0,4.0,1.0,6.0,9.0
653,2.0,54.0,4.0,5.0,6.0,3.0,3.0,5.0,8.0,4.0,11.0,6.0,5.0,3.0,4.0,3.0,4.0,2.0,7.0,5.0
654,3.0,49.0,4.0,6.0,7.0,3.0,5.0,3.0,6.0,4.0,10.0,7.0,6.0,3.0,7.0,3.0,6.0,4.0,9.0,4.0
655,3.0,53.0,7.0,5.0,7.0,3.0,9.0,4.0,7.0,3.0,10.0,6.0,8.0,5.0,7.0,2.0,6.0,8.0,7.0,5.0
656,4.0,51.0,8.0,3.0,7.0,6.0,8.0,6.0,6.0,2.0,9.0,5.0,9.0,7.0,4.0,1.0,5.0,8.0,7.0,4.0
657,4.0,47.0,6.0,3.0,6.0,6.0,10.0,7.0,6.0,3.0,4.0,5.0,7.0,6.0,3.0,2.0,9.0,6.0,7.0,5.0
658,6.0,50.0,5.0,3.0,6.0,7.0,7.0,5.0,7.0,4.0,7.0,7.0,5.0,7.0,5.0,1.0,7.0,9.0,6.0,4.0
659,5.0,48.0,6.0,2.0,7.0,8.0,4.0,2.0,7.0,4.0,6.0,8.0,7.0,5.0,5.0,2.0,5.0,7.0,5.0,6.0
660,3.0,38.0,5.0,3.0,7.0,8.0,5.0,2.0,7.0,3.0,4.0,10.0,6.0,6.0,5.0,2.0,8.0,7.0,5.0,4.0
661,1.0,45.0,4.0,4.0,5.0,6.0,4.0,1.0,7.0,0.0,5.0,7.0,4.0,4.0,4.0,3.0,6.0,7.0,6.0,2.0
662,3.0,48.0,6.0,5.0,4.0,8.0,4.0,1.0,5.0,2.0,4.0,4.0,2.0,7.0,5.0,4.0,8.0,5.0,3.0,3.0
663,4.0,62.0,3.0,7.0,4.0,7.0,4.0,1.0,5.0,2.0,3.0,2.0,4.0,8.0,6.0,4.0,8.0,3.0,4.0,3.0
664,5.0,60.0,6.0,7.0,5.0,6.0,7.0,2.0,5.0,2.0,3.0,1.0,3.0,10.0,6.0,5.0,7.0,3.0,6.0,5.0
665,6.0,59.0,6.0,7.0,3.0,4.0,7.0,2.0,3.0,1.0,4.0,2.0,6.0,8.0,4.0,5.0,7.0,5.0,7.0,9.0
666,7.0,55.0,6.0,5.0,2.0,3.0,11.0,3.0,3.0,3.0,2.0,4.0,8.0,6.0,5.0,6.0,6.0,6.0,4.0,9.0
667,6.0,52.0,6.0,7.0,2.0,3.0,8.0,3.0,2.0,2.0,3.0,4.0,8.0,6.0,4.0,3.0,2.0,8.0,6.0,10.0
668,5.0,51.0,5.0,6.0,3.0,4.0,6.0,3.0,3.0,0.0,3.0,5.0,7.0,6.0,5.0,7.0,4.0,6.0,6.0,11.0
669,2.0,39.0,5.0,6.0,3.0,3.0,3.0,4.0,2.0,3.0,3.0,3.0,7.0,4.0,7.0,7.0,3.0,3.0,3.0,9.0
670,2.0,53.0,4.0,1.0,6.0,2.0,4.0,3.0,6.0,7.0,3.0,3.0,4.0,5.0,5.0,5.0,5.0,2.0,2.0,5.0
671,4.0,56.0,1.0,3.0,3.0,1.0,5.0,2.0,4.0,8.0,7.0,1.0,4.0,7.0,6.0,5.0,7.0,3.0,2.0,6.0
672,2.0,55.0,3.0,4.0,2.0,3.0,4.0,2.0,7.0,9.0,6.0,4.0,7.0,5.0,11.0,2.0,8.0,5.0,1.0,3.0
673,4.0,56.0,3.0,7.0,3.0,3.0,3.0,5.0,9.0,10.0,7.0,5.0,5.0,5.0,8.0,3.0,7.0,5.0,1.0,3.0
674,2.0,53.0,2.0,7.0,6.0,2.0,5.0,8.0,8.0,10.0,5.0,3.0,3.0,6.0,8.0,2.0,5.0,5.0,2.0,2.0
675,5.0,58.0,3.0,8.0,7.0,2.0,6.0,7.0,7.0,12.0,4.0,3.0,4.0,8.0,9.0,2.0,3.0,6.0,2.0,3.0
676,5.0,57.0,3.0,6.0,5.0,2.0,5.0,4.0,7.0,11.0,4.0,4.0,3.0,5.0,5.0,3.0,2.0,9.0,5.0,3.0
677,7.0,51.0,3.0,5.0,2.0,2.0,5.0,3.0,5.0,10.0,6.0,5.0,2.0,5.0,7.0,6.0,2.0,3.0,2.0,4.0
678,8.0,56.0,4.0,7.0,3.0,4.0,2.0,4.0,7.0,11.0,5.0,7.0,4.0,5.0,9.0,5.0,7.0,6.0,4.0,4.0
679,6.0,53.0,4.0,5.0,4.0,3.0,2.0,4.0,4.0,8.0,6.0,6.0,7.0,2.0,9.0,5.0,6.0,5.0,4.0,9.0
680,6.0,52.0,8.0,5.0,5.0,3.0,3.0,3.0,8.0,9.0,6.0,4.0,5.0,2.0,8.0,5.0,6.0,8.0,4.0,6.0
681,3.0,52.0,9.0,10.0,7.0,1.0,4.0,2.0,8.0,9.0,8.0,6.0,6.0,3.0,9.0,4.0,6.0,8.0,5.0,8.0
682,3.0,46.0,8.0,9.0,6.0,2.0,4.0,1.0,9.0,7.0,5.0,4.0,3.0,3.0,9.0,6.0,5.0,7.0,6.0,10.0
683,5.0,45.0,6.0,6.0,5.0,3.0,4.0,3.0,6.0,7.0,6.0,4.0,4.0,3.0,10.0,4.0,6.0,5.0,7.0,10.0
684,4.0,47.0,7.0,8.0,7.0,2.0,5.0,5.0,6.0,8.0,5.0,3.0,7.0,7.0,11.0,6.0,4.0,5.0,7.0,8.0
685,1.0,42.0,5.0,6.0,4.0,2.0,3.0,3.0,6.0,6.0,4.0,2.0,4.0,6.0,8.0,2.0,4.0,6.0,6.0,9.0
686,0.0,42.0,4.0,6.0,2.0,5.0,4.0,3.0,4.0,3.0,6.0,1.0,6.0,3.0,9.0,2.0,3.0,6.0,6.0,9.0
687,0.0,50.0,4.0,6.0,3.0,3.0,6.0,5.0,6.0,3.0,4.0,3.0,3.0,2.0,9.0,4.0,4.0,6.0,5.0,8.0
688,2.0,43.0,5.0,5.0,2.0,4.0,5.0,2.0,5.0,3.0,3.0,4.0,6.0,7.0,7.0,4.0,3.0,6.0,4.0,5.0
689,1.0,39.0,3.0,6.0,5.0,5.0,9.0,3.0,6.0,2.0,2.0,6.0,3.0,6.0,6.0,5.0,6.0,7.0,1.0,4.0
690,1.0,45.0,3.0,5.0,3.0,5.0,5.0,6.0,8.0,1.0,3.0,7.0,4.0,7.0,7.0,5.0,6.0,8.0,0.0,4.0
691,0.0,40.0,3.0,7.0,3.0,6.0,5.0,6.0,7.0,3.0,4.0,3.0,4.0,9.0,6.0,4.0,5.0,8.0,3.0,2.0
692,0.0,41.0,4.0,9.0,2.0,5.0,4.0,4.0,5.0,4.0,3.0,4.0,4.0,4.0,5.0,6.0,7.0,8.0,3.0,5.0
693,0.0,41.0,4.0,8.0,2.0,3.0,5.0,5.0,7.0,4.0,1.0,5.0,2.0,3.0,4.0,6.0,6.0,6.0,3.0,6.0
694,0.0,48.0,5.0,5.0,3.0,6.0,6.0,4.0,4.0,3.0,2.0,5.0,1.0,3.0,1.0,3.0,8.0,9.0,6.0,2.0
695,2.0,53.0,5.0,3.0,3.0,7.0,5.0,2.0,8.0,2.0,3.0,9.0,4.0,4.0,4.0,6.0,4.0,7.0,4.0,3.0
696,3.0,51.0,6.0,2.0,2.0,8.0,7.0,3.0,9.0,4.0,4.0,8.0,4.0,4.0,1.0,7.0,3.0,6.0,6.0,5.0
697,1.0,64.0,9.0,5.0,3.0,6.0,7.0,2.0,7.0,5.0,3.0,10.0,4.0,4.0,2.0,6.0,3.0,6.0,7.0,5.0
698,1.0,61.0,11.0,3.0,2.0,4.0,5.0,2.0,11.0,7.0,3.0,10.0,6.0,3.0,8.0,9.0,3.0,4.0,6.0,8.0
699,2.0,59.0,7.0,6.0,4.0,5.0,5.0,5.0,8.0,5.0,7.0,7.0,7.0,4.0,8.0,6.0,3.0,12.0,5.0,7.0
700,2.0,47.0,5.0,5.0,3.0,5.0,4.0,2.0,7.0,3.0,4.0,4.0,7.0,5.0,9.0,3.0,4.0,7.0,6.0,5.0
701,1.0,43.0,3.0,6.0,4.0,5.0,5.0,1.0,9.0,3.0,3.0,5.0,8.0,5.0,8.0,0.0,3.0,8.0,5.0,5.0
702,1.0,41.0,3.0,5.0,7.0,4.0,3.0,1.0,6.0,6.0,2.0,3.0,6.0,4.0,7.0,0.0,3.0,8.0,2.0,4.0
703,0.0,45.0,2.0,6.0,9.0,4.0,2.0,4.0,6.0,6.0,1.0,2.0,6.0,5.0,9.0,5.0,3.0,6.0,2.0,2.0
704,0.0,40.0,2.0,5.0,10.0,3.0,1.0,2.0,6.0,3.0,2.0,2.0,5.0,4.0,7.0,2.0,3.0,6.0,4.0,4.0
705,0.0,43.0,2.0,6.0,9.0,5.0,2.0,3.0,5.0,4.0,3.0,3.0,2.0,2.0,7.0,3.0,2.0,3.0,4.0,4.0
706,0.0,38.0,3.0,7.0,6.0,1.0,2.0,5.0,5.0,4.0,3.0,3.0,1.0,2.0,7.0,3.0,3.0,4.0,3.0,6.0
707,0.0,44.0,2.0,6.0,3.0,3.0,2.0,6.0,3.0,5.0,4.0,5.0,1.0,2.0,5.0,1.0,4.0,10.0,6.0,7.0
708,1.0,49.0,2.0,5.0,2.0,8.0,3.0,5.0,2.0,6.0,3.0,4.0,1.0,2.0,4.0,2.0,4.0,9.0,7.0,3.0
709,2.0,57.0,1.0,5.0,3.0,6.0,3.0,6.0,1.0,6.0,5.0,5.0,3.0,1.0,5.0,3.0,7.0,5.0,7.0,5.0
710,3.0,57.0,1.0,4.0,2.0,7.0,2.0,2.0,1.0,6.0,7.0,5.0,4.0,2.0,6.0,3.0,8.0,5.0,5.0,5.0
711,4.0,61.0,3.0,3.0,1.0,9.0,2.0,3.0,5.0,7.0,8.0,4.0,3.0,2.0,6.0,6.0,9.0,4.0,5.0,6.0
712,5.0,64.0,4.0,2.0,1.0,4.0,5.0,3.0,5.0,10.0,10.0,5.0,3.0,4.0,9.0,7.0,7.0,3.0,7.0,7.0
713,5.0,53.0,3.0,1.0,3.0,3.0,4.0,5.0,6.0,10.0,10.0,5.0,3.0,2.0,8.0,8.0,8.0,5.0,7.0,8.0
714,4.0,45.0,8.0,1.0,4.0,7.0,4.0,6.0,4.0,10.0,11.0,7.0,5.0,1.0,4.0,9.0,5.0,5.0,6.0,5.0
715,3.0,47.0,5.0,2.0,1.0,7.0,5.0,6.0,5.0,7.0,7.0,5.0,4.0,2.0,3.0,8.0,3.0,4.0,5.0,5.0
716,2.0,46.0,4.0,1.0,1.0,7.0,3.0,5.0,6.0,8.0,8.0,7.0,3.0,2.0,2.0,7.0,1.0,2.0,6.0,3.0
717,2.0,39.0,6.0,2.0,2.0,4.0,4.0,5.0,4.0,6.0,2.0,8.0,6.0,3.0,3.0,4.0,1.0,3.0,6.0,1.0
718,1.0,35.0,4.0,5.0,2.0,3.0,3.0,7.0,5.0,5.0,3.0,9.0,2.0,4.0,4.0,3.0,4.0,5.0,4.0,0.0
719,1.0,46.0,5.0,5.0,1.0,5.0,3.0,5.0,5.0,3.0,6.0,5.0,3.0,3.0,3.0,4.0,5.0,5.0,3.0,0.0
720,1.0,49.0,5.0,7.0,0.0,4.0,6.0,6.0,5.0,5.0,4.0,4.0,4.0,2.0,2.0,7.0,3.0,6.0,2.0,0.0
721,2.0,41.0,4.0,5.0,4.0,5.0,4.0,5.0,6.0,5.0,3.0,5.0,4.0,2.0,6.0,4.0,4.0,5.0,6.0,1.0
722,1.0,42.0,3.0,4.0,2.0,4.0,4.0,4.0,3.0,3.0,1.0,7.0,4.0,5.0,6.0,1.0,6.0,4.0,6.0,6.0
723,1.0,48.0,4.0,3.0,2.0,4.0,5.0,4.0,3.0,4.0,1.0,6.0,6.0,4.0,6.0,5.0,6.0,3.0,7.0,6.0
724,3.0,51.0,4.0,5.0,3.0,5.0,5.0,4.0,1.0,8.0,3.0,6.0,4.0,2.0,6.0,4.0,5.0,5.0,6.0,3.0
725,5.0,55.0,4.0,5.0,5.0,5.0,4.0,3.0,2.0,7.0,4.0,4.0,4.0,6.0,4.0,6.0,2.0,6.0,6.0,4.0
726,6.0,54.0,5.0,5.0,6.0,8.0,2.0,2.0,7.0,2.0,6.0,7.0,7.0,6.0,4.0,6.0,3.0,8.0,8.0,5.0
727,5.0,49.0,5.0,5.0,3.0,5.0,2.0,4.0,6.0,2.0,4.0,4.0,8.0,5.0,5.0,7.0,4.0,8.0,4.0,5.0
728,2.0,49.0,3.0,8.0,4.0,4.0,4.0,3.0,7.0,2.0,4.0,5.0,8.0,5.0,4.0,6.0,7.0,8.0,6.0,4.0
729,2.0,49.0,4.0,10.0,3.0,4.0,4.0,4.0,6.0,1.0,4.0,7.0,5.0,5.0,1.0,6.0,5.0,10.0,10.0,5.0
730,2.0,42.0,3.0,8.0,0.0,4.0,3.0,6.0,4.0,3.0,4.0,2.0,4.0,7.0,2.0,6.0,5.0,9.0,8.0,4.0
731,1.0,45.0,5.0,7.0,1.0,5.0,3.0,4.0,6.0,5.0,2.0,3.0,4.0,5.0,2.0,9.0,5.0,7.0,7.0,4.0
732,2.0,44.0,4.0,9.0,2.0,7.0,3.0,4.0,7.0,3.0,2.0,3.0,6.0,6.0,2.0,7.0,5.0,6.0,8.0,3.0
733,4.0,50.0,7.0,9.0,3.0,4.0,5.0,5.0,6.0,3.0,3.0,4.0,5.0,5.0,5.0,8.0,6.0,8.0,4.0,3.0
734,2.0,55.0,2.0,7.0,5.0,6.0,4.0,8.0,6.0,1.0,4.0,3.0,7.0,5.0,8.0,6.0,5.0,9.0,4.0,3.0
735,1.0,48.0,2.0,5.0,5.0,6.0,4.0,4.0,9.0,1.0,7.0,4.0,5.0,4.0,7.0,3.0,7.0,7.0,3.0,3.0
736,4.0,53.0,4.0,6.0,8.0,6.0,4.0,6.0,7.0,1.0,6.0,3.0,3.0,4.0,7.0,4.0,7.0,8.0,2.0,4.0
737,7.0,66.0,7.0,7.0,11.0,6.0,4.0,9.0,4.0,3.0,9.0,5.0,8.0,5.0,11.0,5.0,9.0,8.0,0.0,1.0
738,9.0,69.0,6.0,6.0,10.0,5.0,4.0,8.0,4.0,3.0,9.0,6.0,9.0,6.0,11.0,6.0,5.0,7.0,0.0,4.0
739,10.0,65.0,4.0,10.0,7.0,4.0,5.0,11.0,7.0,1.0,6.0,7.0,8.0,6.0,12.0,6.0,8.0,6.0,1.0,2.0
740,9.0,66.0,6.0,7.0,7.0,8.0,5.0,10.0,7.0,4.0,3.0,7.0,5.0,6.0,11.0,5.0,10.0,6.0,1.0,4.0
741,10.0,64.0,9.0,8.0,8.0,7.0,8.0,9.0,6.0,3.0,8.0,7.0,7.0,5.0,7.0,9.0,8.0,7.0,2.0,5.0
742,9.0,69.0,6.0,3.0,9.0,5.0,9.0,5.0,7.0,2.0,8.0,5.0,8.0,5.0,10.0,4.0,7.0,7.0,3.0,2.0
743,9.0,67.0,7.0,5.0,11.0,6.0,8.0,4.0,9.0,4.0,8.0,5.0,6.0,7.0,8.0,3.0,8.0,6.0,6.0,4.0
744,9.0,60.0,6.0,4.0,9.0,4.0,10.0,3.0,6.0,4.0,11.0,5.0,7.0,6.0,6.0,5.0,7.0,9.0,9.0,7.0
745,14.0,58.0,6.0,5.0,5.0,4.0,9.0,4.0,5.0,6.0,8.0,6.0,5.0,4.0,6.0,8.0,7.0,8.0,9.0,7.0
746,15.0,61.0,8.0,5.0,4.0,8.0,9.0,5.0,6.0,7.0,9.0,6.0,6.0,7.0,8.0,6.0,6.0,10.0,10.0,8.0
747,13.0,57.0,7.0,4.0,6.0,8.0,9.0,5.0,6.0,9.0,10.0,9.0,8.0,7.0,7.0,4.0,5.0,7.0,12.0,8.0
748,11.0,52.0,4.0,5.0,7.0,8.0,8.0,8.0,5.0,13.0,8.0,8.0,6.0,6.0,7.0,4.0,7.0,7.0,12.0,9.0
749,10.0,53.0,3.0,4.0,6.0,6.0,7.0,6.0,10.0,13.0,9.0,9.0,5.0,7.0,8.0,5.0,8.0,4.0,6.0,5.0
750,8.0,56.0,6.0,2.0,5.0,5.0,5.0,5.0,10.0,14.0,10.0,7.0,2.0,6.0,6.0,3.0,3.0,3.0,7.0,4.0
751,6.0,62.0,6.0,5.0,5.0,6.0,9.0,5.0,9.0,10.0,6.0,8.0,3.0,7.0,5.0,5.0,3.0,3.0,6.0,5.0
752,7.0,65.0,6.0,5.0,5.0,6.0,9.0,3.0,7.0,12.0,5.0,9.0,3.0,10.0,3.0,6.0,3.0,3.0,6.0,9.0
753,6.0,56.0,8.0,4.0,6.0,7.0,7.0,2.0,6.0,12.0,5.0,8.0,1.0,13.0,6.0,4.0,4.0,4.0,5.0,8.0
754,6.0,58.0,6.0,4.0,5.0,7.0,8.0,1.0,3.0,8.0,4.0,9.0,3.0,8.0,6.0,4.0,4.0,3.0,3.0,11.0
755,6.0,53.0,5.0,4.0,6.0,6.0,7.0,1.0,3.0,7.0,7.0,10.0,5.0,6.0,7.0,2.0,3.0,5.0,4.0,11.0
756,5.0,50.0,8.0,3.0,7.0,10.0,5.0,3.0,1.0,8.0,6.0,5.0,5.0,5.0,4.0,2.0,2.0,4.0,5.0,10.0
757,5.0,45.0,10.0,5.0,5.0,7.0,6.0,2.0,2.0,8.0,7.0,6.0,4.0,4.0,6.0,2.0,4.0,4.0,5.0,11.0
758,5.0,49.0,9.0,3.0,6.0,6.0,5.0,4.0,2.0,5.0,4.0,9.0,5.0,4.0,6.0,4.0,3.0,3.0,4.0,8.0
759,6.0,56.0,8.0,3.0,4.0,8.0,2.0,3.0,3.0,7.0,4.0,10.0,3.0,5.0,7.0,2.0,3.0,4.0,4.0,7.0
760,7.0,55.0,9.0,4.0,6.0,9.0,3.0,4.0,5.0,8.0,4.0,9.0,4.0,4.0,6.0,5.0,3.0,5.0,8.0,7.0
761,4.0,58.0,6.0,5.0,7.0,7.0,3.0,4.0,3.0,7.0,4.0,9.0,7.0,4.0,7.0,8.0,1.0,6.0,7.0,4.0
762,4.0,63.0,5.0,7.0,8.0,8.0,2.0,4.0,3.0,11.0,2.0,10.0,7.0,4.0,7.0,7.0,1.0,8.0,8.0,6.0
763,8.0,60.0,4.0,7.0,9.0,6.0,3.0,9.0,4.0,11.0,2.0,9.0,11.0,5.0,8.0,9.0,1.0,6.0,9.0,5.0
764,5.0,56.0,4.0,5.0,12.0,3.0,5.0,8.0,4.0,12.0,2.0,9.0,8.0,6.0,6.0,7.0,2.0,6.0,8.0,5.0
765,12.0,59.0,6.0,6.0,13.0,3.0,6.0,9.0,4.0,13.0,3.0,9.0,8.0,2.0,5.0,6.0,3.0,8.0,7.0,5.0
766,9.0,53.0,7.0,8.0,9.0,3.0,6.0,5.0,2.0,15.0,3.0,9.0,6.0,2.0,5.0,5.0,7.0,8.0,7.0,5.0
767,9.0,54.0,7.0,10.0,8.0,2.0,5.0,3.0,2.0,10.0,4.0,6.0,4.0,4.0,3.0,4.0,7.0,7.0,8.0,5.0
768,7.0,43.0,6.0,7.0,10.0,2.0,6.0,5.0,4.0,8.0,5.0,6.0,5.0,2.0,3.0,3.0,6.0,5.0,10.0,7.0
769,3.0,48.0,6.0,4.0,9.0,2.0,3.0,4.0,2.0,8.0,4.0,5.0,5.0,6.0,6.0,4.0,7.0,7.0,7.0,4.0
770,2.0,55.0,4.0,4.0,8.0,2.0,3.0,4.0,2.0,9.0,4.0,3.0,7.0,6.0,7.0,6.0,4.0,2.0,6.0,4.0
771,1.0,57.0,5.0,6.0,8.0,3.0,4.0,7.0,2.0,11.0,3.0,4.0,7.0,5.0,5.0,4.0,4.0,6.0,8.0,2.0
772,3.0,63.0,5.0,9.0,9.0,3.0,5.0,6.0,6.0,9.0,2.0,6.0,5.0,2.0,5.0,7.0,5.0,6.0,7.0,1.0
773,5.0,54.0,6.0,11.0,8.0,2.0,10.0,3.0,4.0,11.0,2.0,8.0,5.0,5.0,4.0,8.0,5.0,4.0,6.0,3.0
774,12.0,56.0,5.0,6.0,10.0,2.0,10.0,5.0,2.0,10.0,2.0,10.0,6.0,3.0,3.0,8.0,4.0,4.0,3.0,3.0
775,10.0,53.0,4.0,7.0,6.0,2.0,10.0,8.0,1.0,13.0,4.0,11.0,7.0,4.0,5.0,7.0,3.0,3.0,4.0,3.0
776,7.0,55.0,5.0,7.0,5.0,3.0,10.0,6.0,2.0,12.0,3.0,8.0,7.0,4.0,4.0,7.0,3.0,5.0,5.0,4.0
777,8.0,55.0,5.0,6.0,6.0,4.0,9.0,8.0,6.0,7.0,3.0,10.0,5.0,3.0,2.0,8.0,2.0,4.0,4.0,3.0
778,5.0,50.0,4.0,4.0,6.0,5.0,7.0,6.0,9.0,7.0,6.0,10.0,3.0,2.0,3.0,8.0,0.0,6.0,5.0,5.0
779,4.0,46.0,7.0,4.0,5.0,5.0,6.0,5.0,7.0,6.0,4.0,8.0,4.0,2.0,3.0,4.0,3.0,3.0,2.0,3.0
780,3.0,53.0,6.0,4.0,4.0,6.0,2.0,7.0,7.0,6.0,8.0,8.0,3.0,3.0,2.0,5.0,3.0,4.0,3.0,4.0
781,6.0,64.0,5.0,3.0,7.0,7.0,2.0,7.0,9.0,7.0,6.0,5.0,4.0,3.0,2.0,6.0,5.0,5.0,4.0,4.0
782,6.0,63.0,5.0,4.0,6.0,7.0,5.0,8.0,10.0,5.0,6.0,7.0,6.0,5.0,3.0,13.0,7.0,6.0,4.0,6.0
783,6.0,54.0,3.0,5.0,4.0,6.0,6.0,5.0,10.0,7.0,5.0,6.0,3.0,5.0,4.0,10.0,10.0,5.0,3.0,5.0
784,5.0,51.0,3.0,3.0,4.0,9.0,7.0,5.0,6.0,6.0,4.0,6.0,4.0,4.0,5.0,10.0,11.0,5.0,5.0,5.0
785,5.0,57.0,5.0,3.0,5.0,6.0,7.0,4.0,10.0,5.0,4.0,6.0,5.0,6.0,3.0,8.0,8.0,4.0,3.0,4.0
786,7.0,55.0,6.0,4.0,6.0,7.0,10.0,4.0,11.0,2.0,7.0,7.0,4.0,4.0,6.0,9.0,7.0,6.0,6.0,3.0
787,7.0,57.0,8.0,4.0,10.0,6.0,9.0,4.0,6.0,2.0,6.0,5.0,1.0,6.0,6.0,8.0,6.0,9.0,9.0,6.0
788,9.0,61.0,6.0,5.0,8.0,5.0,8.0,3.0,6.0,2.0,7.0,4.0,3.0,8.0,8.0,5.0,5.0,8.0,9.0,8.0
789,7.0,48.0,7.0,8.0,4.0,6.0,6.0,3.0,4.0,3.0,7.0,4.0,2.0,10.0,8.0,3.0,8.0,7.0,8.0,12.0
790,9.0,50.0,7.0,8.0,4.0,6.0,6.0,3.0,6.0,3.0,8.0,2.0,3.0,8.0,5.0,4.0,12.0,7.0,5.0,11.0
791,8.0,50.0,4.0,10.0,4.0,5.0,7.0,7.0,7.0,2.0,5.0,2.0,3.0,4.0,6.0,6.0,12.0,5.0,4.0,12.0
792,9.0,55.0,5.0,8.0,3.0,4.0,7.0,6.0,8.0,2.0,5.0,2.0,4.0,2.0,6.0,4.0,10.0,7.0,3.0,8.0
793,9.0,56.0,3.0,7.0,4.0,3.0,6.0,8.0,7.0,3.0,5.0,3.0,4.0,0.0,4.0,3.0,9.0,8.0,6.0,8.0
794,9.0,59.0,5.0,7.0,6.0,7.0,6.0,8.0,8.0,1.0,6.0,7.0,4.0,2.0,3.0,1.0,8.0,7.0,6.0,9.0
795,14.0,60.0,4.0,7.0,5.0,5.0,6.0,8.0,9.0,2.0,5.0,8.0,6.0,3.0,5.0,2.0,6.0,8.0,5.0,7.0
796,11.0,61.0,4.0,5.0,7.0,6.0,6.0,5.0,10.0,3.0,3.0,6.0,4.0,3.0,5.0,0.0,6.0,9.0,6.0,4.0
797,9.0,56.0,5.0,5.0,10.0,5.0,6.0,6.0,8.0,5.0,4.0,6.0,7.0,4.0,6.0,4.0,7.0,8.0,3.0,3.0
798,9.0,46.0,1.0,6.0,7.0,5.0,5.0,7.0,7.0,2.0,3.0,6.0,7.0,5.0,5.0,6.0,6.0,5.0,6.0,4.0
799,8.0,52.0,3.0,5.0,6.0,8.0,5.0,10.0,5.0,2.0,3.0,4.0,7.0,3.0,5.0,5.0,7.0,5.0,8.0,5.0
800,5.0,46.0,4.0,2.0,7.0,8.0,3.0,8.0,4.0,2.0,3.0,9.0,5.0,3.0,7.0,5.0,6.0,5.0,6.0,4.0
801,5.0,39.0,5.0,2.0,5.0,4.0,4.0,7.0,4.0,0.0,4.0,5.0,5.0,2.0,6.0,5.0,7.0,6.0,6.0,3.0
802,2.0,40.0,5.0,4.0,5.0,4.0,2.0,4.0,4.0,2.0,4.0,4.0,4.0,5.0,6.0,6.0,7.0,5.0,6.0,5.0
803,1.0,43.0,3.0,3.0,4.0,4.0,1.0,3.0,2.0,2.0,2.0,2.0,4.0,4.0,4.0,5.0,5.0,6.0,5.0,4.0
804,1.0,45.0,4.0,4.0,2.0,4.0,2.0,3.0,1.0,2.0,4.0,3.0,7.0,4.0,5.0,2.0,3.0,7.0,8.0,4.0
805,1.0,43.0,4.0,3.0,2.0,2.0,2.0,3.0,4.0,5.0,7.0,5.0,6.0,3.0,3.0,3.0,6.0,7.0,6.0,4.0
806,1.0,47.0,3.0,3.0,3.0,3.0,4.0,1.0,6.0,6.0,7.0,6.0,5.0,2.0,3.0,5.0,4.0,6.0,1.0,4.0
807,2.0,51.0,3.0,4.0,4.0,5.0,5.0,1.0,4.0,5.0,6.0,5.0,5.0,2.0,4.0,3.0,4.0,7.0,2.0,4.0
808,3.0,46.0,5.0,3.0,4.0,5.0,6.0,2.0,6.0,7.0,4.0,2.0,5.0,6.0,4.0,4.0,6.0,4.0,3.0,6.0
809,3.0,47.0,5.0,5.0,4.0,4.0,8.0,4.0,3.0,6.0,4.0,2.0,7.0,9.0,5.0,3.0,3.0,5.0,4.0,5.0
810,2.0,47.0,6.0,3.0,2.0,4.0,6.0,5.0,4.0,6.0,3.0,4.0,6.0,6.0,6.0,4.0,5.0,4.0,4.0,7.0
811,1.0,48.0,7.0,2.0,2.0,7.0,7.0,2.0,4.0,4.0,2.0,3.0,8.0,10.0,6.0,3.0,5.0,4.0,3.0,8.0
812,1.0,39.0,7.0,3.0,3.0,7.0,5.0,1.0,4.0,3.0,3.0,1.0,8.0,8.0,5.0,4.0,6.0,3.0,4.0,9.0
813,2.0,44.0,8.0,5.0,3.0,5.0,4.0,3.0,3.0,1.0,3.0,5.0,7.0,5.0,3.0,5.0,3.0,4.0,2.0,8.0
814,3.0,36.0,6.0,2.0,5.0,4.0,5.0,3.0,3.0,1.0,7.0,1.0,7.0,5.0,4.0,7.0,2.0,3.0,2.0,6.0
815,3.0,40.0,7.0,7.0,5.0,5.0,5.0,5.0,3.0,2.0,5.0,2.0,5.0,4.0,4.0,5.0,2.0,5.0,0.0,7.0
816,2.0,44.0,8.0,6.0,5.0,7.0,7.0,4.0,3.0,4.0,5.0,1.0,5.0,4.0,8.0,4.0,3.0,6.0,1.0,5.0
817,0.0,43.0,8.0,5.0,8.0,8.0,5.0,8.0,3.0,4.0,5.0,2.0,5.0,3.0,6.0,5.0,2.0,5.0,3.0,6.0
818,1.0,48.0,6.0,5.0,8.0,7.0,3.0,6.0,1.0,2.0,7.0,3.0,3.0,3.0,3.0,5.0,3.0,4.0,2.0,6.0
819,1.0,45.0,5.0,5.0,9.0,5.0,3.0,6.0,1.0,3.0,5.0,4.0,4.0,3.0,2.0,7.0,4.0,6.0,2.0,6.0
820,2.0,54.0,4.0,8.0,9.0,4.0,1.0,9.0,3.0,5.0,4.0,4.0,6.0,3.0,6.0,9.0,4.0,5.0,4.0,5.0
821,4.0,56.0,3.0,7.0,7.0,6.0,2.0,7.0,2.0,8.0,3.0,3.0,5.0,9.0,5.0,9.0,4.0,4.0,6.0,6.0
822,8.0,55.0,6.0,7.0,3.0,5.0,1.0,4.0,4.0,6.0,6.0,4.0,4.0,7.0,5.0,8.0,4.0,1.0,8.0,2.0
823,7.0,55.0,5.0,8.0,5.0,7.0,2.0,4.0,5.0,2.0,3.0,7.0,4.0,8.0,8.0,5.0,4.0,0.0,10.0,4.0
824,11.0,55.0,3.0,9.0,2.0,5.0,4.0,5.0,7.0,4.0,3.0,6.0,4.0,8.0,8.0,6.0,2.0,1.0,12.0,5.0
825,8.0,55.0,4.0,8.0,2.0,4.0,5.0,6.0,7.0,3.0,4.0,6.0,6.0,7.0,9.0,6.0,1.0,2.0,9.0,7.0
826,8.0,53.0,2.0,10.0,2.0,3.0,4.0,7.0,5.0,4.0,2.0,8.0,1.0,9.0,10.0,4.0,1.0,1.0,6.0,7.0
827,11.0,54.0,2.0,7.0,6.0,2.0,6.0,7.0,4.0,5.0,1.0,7.0,2.0,10.0,9.0,5.0,2.0,2.0,3.0,7.0
828,11.0,53.0,4.0,8.0,4.0,5.0,5.0,6.0,4.0,5.0,3.0,4.0,2.0,9.0,4.0,5.0,4.0,4.0,3.0,6.0
829,9.0,54.0,3.0,8.0,9.0,4.0,5.0,8.0,4.0,6.0,3.0,2.0,1.0,6.0,3.0,4.0,3.0,3.0,7.0,4.0
830,8.0,44.0,2.0,4.0,12.0,6.0,5.0,6.0,5.0,4.0,6.0,2.0,1.0,6.0,3.0,6.0,7.0,6.0,10.0,4.0
831,7.0,48.0,4.0,3.0,12.0,8.0,4.0,2.0,6.0,2.0,3.0,3.0,5.0,7.0,1.0,7.0,9.0,4.0,9.0,3.0
832,5.0,40.0,2.0,3.0,12.0,7.0,5.0,4.0,6.0,3.0,4.0,2.0,6.0,7.0,0.0,8.0,8.0,5.0,9.0,4.0
833,3.0,34.0,3.0,3.0,12.0,3.0,3.0,6.0,5.0,4.0,3.0,2.0,6.0,4.0,2.0,7.0,5.0,4.0,5.0,6.0
834,1.0,35.0,6.0,3.0,9.0,6.0,1.0,6.0,5.0,2.0,3.0,1.0,4.0,6.0,3.0,6.0,5.0,5.0,4.0,5.0
835,1.0,45.0,5.0,4.0,6.0,8.0,1.0,4.0,4.0,2.0,3.0,1.0,3.0,9.0,3.0,7.0,4.0,4.0,2.0,8.0
836,0.0,50.0,7.0,3.0,9.0,11.0,2.0,4.0,5.0,3.0,4.0,1.0,7.0,8.0,7.0,5.0,4.0,4.0,2.0,9.0
837,0.0,51.0,9.0,3.0,8.0,13.0,2.0,7.0,1.0,2.0,5.0,4.0,7.0,5.0,6.0,5.0,4.0,5.0,5.0,6.0
838,1.0,46.0,5.0,3.0,5.0,9.0,4.0,8.0,3.0,3.0,6.0,7.0,6.0,4.0,4.0,6.0,3.0,6.0,4.0,4.0
839,0.0,43.0,3.0,4.0,4.0,8.0,5.0,11.0,5.0,4.0,4.0,3.0,6.0,6.0,3.0,7.0,1.0,6.0,4.0,4.0
840,0.0,45.0,3.0,6.0,3.0,5.0,5.0,11.0,3.0,5.0,4.0,7.0,8.0,6.0,3.0,7.0,2.0,7.0,3.0,2.0
841,0.0,57.0,4.0,4.0,4.0,5.0,3.0,9.0,4.0,5.0,6.0,6.0,8.0,3.0,3.0,4.0,3.0,5.0,4.0,4.0
842,2.0,56.0,2.0,6.0,6.0,5.0,1.0,10.0,4.0,4.0,8.0,8.0,5.0,5.0,4.0,4.0,2.0,6.0,5.0,2.0
843,5.0,58.0,1.0,6.0,5.0,9.0,3.0,11.0,2.0,5.0,5.0,5.0,6.0,6.0,4.0,1.0,3.0,7.0,4.0,4.0
844,3.0,52.0,3.0,8.0,6.0,13.0,6.0,10.0,5.0,7.0,3.0,8.0,6.0,7.0,5.0,1.0,3.0,6.0,4.0,7.0
845,3.0,56.0,2.0,5.0,6.0,12.0,5.0,12.0,6.0,6.0,5.0,7.0,5.0,7.0,6.0,3.0,3.0,5.0,7.0,7.0
846,4.0,59.0,1.0,7.0,7.0,11.0,7.0,11.0,6.0,8.0,6.0,7.0,5.0,7.0,6.0,5.0,5.0,7.0,5.0,7.0
847,6.0,55.0,2.0,6.0,7.0,11.0,7.0,12.0,9.0,8.0,6.0,7.0,5.0,8.0,4.0,7.0,6.0,5.0,4.0,6.0
848,11.0,54.0,5.0,10.0,6.0,10.0,7.0,14.0,8.0,8.0,7.0,7.0,6.0,11.0,4.0,6.0,6.0,6.0,5.0,3.0
849,15.0,56.0,10.0,9.0,9.0,12.0,9.0,10.0,11.0,8.0,10.0,5.0,9.0,11.0,4.0,5.0,3.0,5.0,1.0,3.0
850,16.0,57.0,9.0,8.0,8.0,10.0,7.0,12.0,10.0,8.0,11.0,4.0,9.0,9.0,4.0,7.0,3.0,4.0,1.0,4.0
851,13.0,53.0,8.0,6.0,9.0,9.0,5.0,11.0,10.0,7.0,12.0,1.0,6.0,11.0,2.0,7.0,3.0,5.0,1.0,6.0
852,13.0,54.0,7.0,5.0,10.0,10.0,6.0,11.0,13.0,5.0,7.0,2.0,6.0,7.0,3.0,9.0,3.0,3.0,5.0,5.0
853,9.0,41.0,7.0,9.0,4.0,10.0,6.0,6.0,15.0,7.0,5.0,3.0,8.0,7.0,4.0,2.0,2.0,3.0,3.0,5.0
854,2.0,44.0,4.0,9.0,4.0,8.0,5.0,6.0,12.0,6.0,4.0,3.0,6.0,6.0,1.0,2.0,7.0,4.0,1.0,7.0
855,0.0,46.0,4.0,6.0,4.0,9.0,8.0,3.0,10.0,6.0,3.0,1.0,6.0,5.0,1.0,5.0,6.0,4.0,2.0,8.0
856,1.0,46.0,7.0,8.0,5.0,10.0,7.0,1.0,10.0,5.0,3.0,1.0,6.0,7.0,2.0,4.0,5.0,4.0,5.0,7.0
857,3.0,48.0,7.0,11.0,7.0,7.0,9.0,3.0,9.0,5.0,4.0,1.0,4.0,7.0,1.0,4.0,8.0,4.0,4.0,5.0
858,2.0,44.0,3.0,12.0,3.0,7.0,8.0,3.0,5.0,7.0,5.0,3.0,4.0,4.0,1.0,3.0,8.0,2.0,4.0,6.0
859,5.0,48.0,1.0,9.0,2.0,6.0,8.0,2.0,6.0,9.0,4.0,3.0,6.0,4.0,1.0,2.0,7.0,1.0,1.0,8.0
860,5.0,50.0,2.0,7.0,3.0,7.0,4.0,3.0,5.0,6.0,5.0,6.0,3.0,5.0,2.0,2.0,5.0,1.0,3.0,6.0
861,4.0,51.0,3.0,4.0,4.0,4.0,6.0,7.0,6.0,5.0,5.0,5.0,3.0,4.0,5.0,3.0,5.0,1.0,5.0,8.0
862,3.0,53.0,4.0,6.0,6.0,3.0,7.0,6.0,6.0,6.0,6.0,7.0,5.0,7.0,4.0,1.0,2.0,2.0,3.0,5.0
863,1.0,40.0,4.0,4.0,4.0,4.0,5.0,6.0,6.0,6.0,8.0,7.0,7.0,7.0,3.0,2.0,5.0,2.0,2.0,6.0
864,1.0,47.0,3.0,4.0,2.0,2.0,5.0,6.0,4.0,5.0,4.0,7.0,6.0,7.0,3.0,3.0,5.0,2.0,3.0,5.0
865,0.0,50.0,6.0,7.0,2.0,4.0,3.0,10.0,5.0,10.0,7.0,3.0,3.0,9.0,4.0,4.0,5.0,4.0,1.0,4.0
866,0.0,50.0,5.0,5.0,3.0,4.0,4.0,6.0,4.0,9.0,7.0,3.0,3.0,8.0,3.0,4.0,4.0,3.0,2.0,3.0
867,3.0,49.0,6.0,5.0,4.0,4.0,6.0,9.0,3.0,9.0,5.0,1.0,2.0,6.0,4.0,5.0,4.0,4.0,6.0,4.0
868,3.0,51.0,4.0,4.0,8.0,4.0,7.0,6.0,5.0,8.0,4.0,4.0,3.0,3.0,3.0,7.0,4.0,7.0,2.0,6.0
869,2.0,50.0,3.0,5.0,7.0,5.0,3.0,3.0,5.0,9.0,5.0,4.0,4.0,1.0,4.0,7.0,4.0,8.0,5.0,5.0
870,6.0,53.0,3.0,5.0,5.0,2.0,2.0,4.0,4.0,5.0,4.0,3.0,4.0,2.0,5.0,6.0,4.0,7.0,7.0,5.0
871,11.0,56.0,4.0,4.0,6.0,3.0,2.0,5.0,3.0,4.0,4.0,5.0,6.0,2.0,2.0,7.0,5.0,10.0,6.0,7.0
872,7.0,45.0,6.0,5.0,8.0,5.0,5.0,5.0,4.0,2.0,5.0,7.0,5.0,1.0,4.0,7.0,6.0,9.0,4.0,8.0
873,6.0,50.0,5.0,3.0,10.0,5.0,6.0,6.0,5.0,3.0,9.0,7.0,7.0,4.0,2.0,9.0,6.0,10.0,2.0,6.0
874,2.0,47.0,5.0,4.0,11.0,4.0,4.0,7.0,7.0,3.0,9.0,4.0,6.0,2.0,2.0,9.0,4.0,11.0,3.0,5.0
875,1.0,43.0,6.0,4.0,10.0,5.0,4.0,9.0,5.0,1.0,7.0,5.0,8.0,3.0,1.0,6.0,2.0,10.0,2.0,3.0
876,1.0,39.0,4.0,2.0,6.0,4.0,3.0,7.0,3.0,4.0,4.0,5.0,7.0,4.0,2.0,7.0,2.0,5.0,1.0,2.0
877,1.0,44.0,3.0,4.0,4.0,2.0,3.0,6.0,3.0,2.0,2.0,6.0,4.0,3.0,5.0,7.0,1.0,3.0,5.0,3.0
878,3.0,49.0,1.0,3.0,6.0,4.0,4.0,5.0,4.0,1.0,4.0,6.0,4.0,5.0,3.0,5.0,1.0,3.0,5.0,7.0
879,5.0,50.0,2.0,1.0,9.0,8.0,4.0,5.0,6.0,2.0,6.0,3.0,4.0,4.0,4.0,5.0,1.0,3.0,6.0,5.0
880,4.0,41.0,2.0,2.0,5.0,6.0,3.0,2.0,4.0,2.0,5.0,4.0,6.0,3.0,3.0,2.0,2.0,4.0,4.0,4.0
881,4.0,41.0,5.0,3.0,3.0,5.0,5.0,3.0,5.0,3.0,5.0,8.0,6.0,2.0,5.0,2.0,2.0,5.0,2.0,3.0
882,6.0,51.0,8.0,3.0,7.0,3.0,7.0,4.0,6.0,3.0,8.0,5.0,3.0,5.0,6.0,3.0,0.0,6.0,3.0,4.0
883,4.0,58.0,10.0,5.0,7.0,4.0,8.0,3.0,8.0,3.0,8.0,5.0,3.0,7.0,7.0,4.0,1.0,8.0,4.0,5.0
884,7.0,60.0,9.0,4.0,3.0,3.0,4.0,3.0,2.0,6.0,10.0,4.0,6.0,9.0,5.0,3.0,3.0,6.0,6.0,6.0
885,7.0,55.0,9.0,6.0,2.0,5.0,6.0,3.0,2.0,7.0,6.0,5.0,3.0,9.0,6.0,5.0,6.0,10.0,7.0,5.0
886,6.0,55.0,8.0,7.0,3.0,4.0,7.0,3.0,2.0,4.0,8.0,4.0,6.0,9.0,5.0,5.0,5.0,10.0,8.0,7.0
887,8.0,54.0,9.0,5.0,2.0,8.0,6.0,6.0,4.0,5.0,9.0,5.0,9.0,5.0,7.0,3.0,6.0,12.0,7.0,8.0
888,5.0,51.0,8.0,6.0,1.0,6.0,6.0,8.0,6.0,4.0,10.0,4.0,11.0,6.0,6.0,4.0,8.0,10.0,7.0,12.0
889,5.0,52.0,7.0,7.0,0.0,7.0,6.0,7.0,7.0,5.0,9.0,6.0,6.0,5.0,9.0,3.0,7.0,9.0,7.0,12.0
890,5.0,54.0,8.0,5.0,0.0,6.0,5.0,6.0,7.0,4.0,9.0,6.0,8.0,7.0,5.0,5.0,5.0,7.0,5.0,10.0
891,3.0,55.0,6.0,6.0,3.0,6.0,5.0,2.0,8.0,3.0,9.0,6.0,5.0,8.0,5.0,5.0,2.0,6.0,4.0,10.0
892,4.0,62.0,7.0,8.0,3.0,8.0,5.0,1.0,8.0,2.0,6.0,8.0,5.0,7.0,3.0,3.0,6.0,7.0,8.0,12.0
893,6.0,48.0,5.0,8.0,5.0,8.0,7.0,0.0,5.0,4.0,6.0,6.0,5.0,8.0,4.0,7.0,9.0,6.0,10.0,13.0
894,5.0,49.0,2.0,7.0,2.0,8.0,7.0,2.0,5.0,6.0,4.0,8.0,5.0,5.0,3.0,7.0,11.0,9.0,8.0,12.0
895,6.0,54.0,0.0,7.0,3.0,8.0,7.0,2.0,4.0,6.0,5.0,8.0,5.0,3.0,2.0,5.0,8.0,8.0,8.0,11.0
896,5.0,47.0,1.0,5.0,2.0,7.0,6.0,2.0,5.0,5.0,5.0,7.0,5.0,3.0,3.0,7.0,9.0,7.0,9.0,10.0
897,3.0,45.0,2.0,4.0,3.0,6.0,7.0,3.0,4.0,3.0,3.0,6.0,5.0,5.0,4.0,6.0,5.0,6.0,4.0,9.0
898,3.0,42.0,0.0,5.0,3.0,5.0,5.0,4.0,6.0,4.0,1.0,8.0,1.0,4.0,3.0,4.0,4.0,5.0,6.0,7.0
899,3.0,47.0,2.0,7.0,2.0,7.0,4.0,3.0,6.0,3.0,1.0,6.0,1.0,4.0,1.0,3.0,3.0,6.0,4.0,5.0
900,4.0,53.0,3.0,5.0,1.0,9.0,3.0,2.0,6.0,5.0,3.0,5.0,1.0,4.0,7.0,7.0,3.0,5.0,4.0,8.0
901,3.0,61.0,5.0,2.0,4.0,5.0,5.0,4.0,3.0,3.0,2.0,4.0,2.0,4.0,8.0,8.0,4.0,5.0,3.0,8.0
902,2.0,55.0,7.0,1.0,5.0,6.0,3.0,5.0,3.0,3.0,4.0,2.0,3.0,4.0,5.0,7.0,5.0,7.0,6.0,8.0
903,4.0,64.0,4.0,4.0,3.0,5.0,0.0,6.0,4.0,4.0,3.0,0.0,3.0,7.0,6.0,10.0,6.0,8.0,4.0,8.0
904,5.0,74.0,4.0,4.0,4.0,5.0,3.0,4.0,4.0,4.0,4.0,1.0,4.0,6.0,5.0,10.0,7.0,8.0,3.0,8.0
905,5.0,76.0,3.0,8.0,6.0,4.0,2.0,5.0,4.0,4.0,9.0,2.0,3.0,8.0,7.0,8.0,8.0,10.0,1.0,7.0
906,6.0,75.0,4.0,5.0,4.0,8.0,3.0,6.0,5.0,6.0,10.0,0.0,5.0,8.0,5.0,6.0,10.0,7.0,6.0,10.0
907,8.0,63.0,6.0,3.0,3.0,6.0,3.0,7.0,5.0,5.0,7.0,1.0,4.0,7.0,5.0,8.0,8.0,6.0,6.0,7.0
908,7.0,62.0,8.0,1.0,5.0,5.0,2.0,10.0,7.0,6.0,6.0,3.0,5.0,8.0,4.0,9.0,7.0,3.0,4.0,6.0
909,6.0,63.0,8.0,4.0,6.0,4.0,6.0,8.0,6.0,6.0,6.0,4.0,4.0,7.0,4.0,9.0,6.0,4.0,5.0,5.0
910,7.0,46.0,5.0,3.0,6.0,4.0,7.0,6.0,6.0,7.0,5.0,4.0,7.0,7.0,6.0,6.0,7.0,5.0,5.0,7.0
911,8.0,57.0,5.0,3.0,3.0,4.0,7.0,6.0,3.0,6.0,6.0,5.0,4.0,9.0,7.0,6.0,4.0,3.0,6.0,8.0
912,8.0,58.0,3.0,4.0,2.0,5.0,8.0,6.0,8.0,4.0,6.0,4.0,6.0,8.0,8.0,4.0,5.0,3.0,5.0,7.0
913,7.0,60.0,3.0,3.0,2.0,5.0,7.0,6.0,6.0,6.0,5.0,3.0,3.0,7.0,5.0,3.0,4.0,5.0,4.0,5.0
914,8.0,59.0,4.0,3.0,3.0,4.0,8.0,5.0,6.0,8.0,6.0,4.0,5.0,9.0,4.0,3.0,4.0,6.0,4.0,9.0
915,10.0,56.0,5.0,4.0,4.0,3.0,9.0,8.0,2.0,9.0,5.0,3.0,4.0,7.0,3.0,3.0,5.0,8.0,2.0,7.0
916,9.0,62.0,5.0,3.0,3.0,3.0,6.0,7.0,3.0,8.0,5.0,4.0,6.0,6.0,3.0,5.0,2.0,6.0,2.0,6.0
917,10.0,59.0,8.0,5.0,3.0,2.0,5.0,8.0,3.0,9.0,6.0,6.0,5.0,7.0,2.0,5.0,3.0,4.0,2.0,12.0
918,6.0,52.0,6.0,5.0,3.0,1.0,3.0,6.0,6.0,11.0,4.0,5.0,5.0,8.0,4.0,5.0,4.0,4.0,4.0,11.0
919,4.0,54.0,6.0,7.0,3.0,2.0,5.0,2.0,6.0,12.0,2.0,3.0,4.0,8.0,5.0,6.0,5.0,4.0,5.0,8.0
920,5.0,61.0,6.0,6.0,4.0,2.0,5.0,1.0,6.0,6.0,5.0,5.0,5.0,10.0,6.0,7.0,6.0,3.0,6.0,5.0
921,7.0,53.0,5.0,6.0,5.0,3.0,5.0,3.0,4.0,8.0,7.0,3.0,4.0,8.0,5.0,3.0,5.0,5.0,7.0,5.0
922,6.0,50.0,6.0,7.0,5.0,6.0,4.0,4.0,4.0,7.0,8.0,5.0,5.0,6.0,5.0,3.0,3.0,4.0,3.0,7.0
923,3.0,39.0,3.0,6.0,6.0,6.0,3.0,6.0,4.0,6.0,11.0,5.0,5.0,6.0,9.0,2.0,2.0,2.0,3.0,9.0
924,4.0,41.0,3.0,6.0,5.0,6.0,2.0,6.0,3.0,4.0,9.0,4.0,5.0,5.0,7.0,2.0,1.0,3.0,2.0,10.0
925,3.0,47.0,3.0,8.0,5.0,5.0,4.0,5.0,5.0,4.0,9.0,5.0,4.0,4.0,6.0,3.0,1.0,6.0,4.0,7.0
926,4.0,45.0,2.0,9.0,7.0,6.0,2.0,7.0,1.0,5.0,8.0,4.0,4.0,6.0,8.0,2.0,3.0,7.0,4.0,7.0
927,2.0,43.0,3.0,5.0,10.0,3.0,5.0,6.0,1.0,7.0,8.0,4.0,2.0,3.0,6.0,3.0,2.0,6.0,2.0,5.0
928,2.0,47.0,4.0,5.0,8.0,3.0,7.0,5.0,3.0,6.0,5.0,5.0,1.0,5.0,6.0,6.0,3.0,6.0,1.0,3.0
929,2.0,51.0,6.0,5.0,4.0,3.0,4.0,8.0,4.0,6.0,6.0,7.0,5.0,4.0,4.0,4.0,1.0,6.0,2.0,2.0
930,2.0,51.0,10.0,5.0,3.0,5.0,2.0,7.0,4.0,7.0,6.0,6.0,4.0,3.0,4.0,7.0,3.0,5.0,3.0,4.0
931,6.0,62.0,9.0,3.0,2.0,5.0,1.0,6.0,4.0,8.0,6.0,3.0,3.0,5.0,5.0,8.0,3.0,8.0,4.0,4.0
932,7.0,58.0,7.0,1.0,4.0,4.0,1.0,4.0,4.0,8.0,9.0,3.0,6.0,5.0,4.0,7.0,4.0,5.0,6.0,7.0
933,9.0,54.0,7.0,2.0,5.0,4.0,3.0,4.0,3.0,10.0,11.0,3.0,5.0,4.0,7.0,6.0,6.0,3.0,7.0,3.0
934,10.0,51.0,9.0,4.0,4.0,2.0,3.0,6.0,4.0,10.0,11.0,1.0,4.0,3.0,7.0,6.0,6.0,1.0,5.0,1.0
935,11.0,50.0,7.0,3.0,7.0,2.0,4.0,7.0,3.0,7.0,11.0,2.0,4.0,5.0,9.0,6.0,6.0,4.0,6.0,2.0
936,11.0,57.0,5.0,8.0,6.0,3.0,6.0,9.0,5.0,8.0,10.0,1.0,4.0,6.0,9.0,8.0,5.0,6.0,6.0,3.0
937,11.0,44.0,6.0,4.0,8.0,4.0,4.0,12.0,5.0,4.0,9.0,3.0,5.0,6.0,8.0,9.0,5.0,6.0,6.0,5.0
938,8.0,41.0,4.0,1.0,7.0,6.0,2.0,12.0,6.0,6.0,6.0,3.0,5.0,7.0,11.0,6.0,2.0,8.0,8.0,8.0
939,3.0,47.0,4.0,3.0,9.0,2.0,2.0,9.0,6.0,7.0,6.0,1.0,4.0,5.0,10.0,3.0,2.0,7.0,8.0,8.0
940,2.0,48.0,5.0,3.0,8.0,2.0,3.0,9.0,6.0,7.0,6.0,4.0,2.0,7.0,9.0,2.0,4.0,7.0,7.0,7.0
941,3.0,52.0,8.0,3.0,6.0,6.0,4.0,7.0,8.0,4.0,4.0,5.0,3.0,6.0,13.0,6.0,4.0,7.0,5.0,7.0
942,5.0,54.0,6.0,5.0,5.0,6.0,5.0,4.0,7.0,2.0,3.0,4.0,2.0,5.0,12.0,3.0,6.0,7.0,6.0,9.0
943,7.0,59.0,7.0,7.0,6.0,8.0,3.0,3.0,9.0,6.0,2.0,6.0,2.0,6.0,12.0,3.0,7.0,10.0,6.0,8.0
944,8.0,58.0,8.0,8.0,9.0,11.0,3.0,2.0,10.0,4.0,5.0,4.0,2.0,6.0,12.0,2.0,5.0,10.0,5.0,7.0
945,8.0,60.0,4.0,9.0,10.0,11.0,1.0,3.0,10.0,8.0,4.0,5.0,3.0,7.0,7.0,1.0,6.0,5.0,4.0,5.0
946,7.0,55.0,3.0,8.0,9.0,8.0,4.0,6.0,7.0,9.0,6.0,5.0,4.0,7.0,7.0,3.0,7.0,4.0,5.0,4.0
947,7.0,55.0,4.0,7.0,6.0,8.0,3.0,5.0,5.0,8.0,9.0,3.0,5.0,4.0,7.0,3.0,6.0,4.0,4.0,7.0
948,9.0,58.0,3.0,7.0,6.0,4.0,4.0,3.0,6.0,10.0,8.0,4.0,7.0,4.0,4.0,4.0,4.0,6.0,3.0,6.0
949,12.0,56.0,3.0,7.0,5.0,4.0,3.0,4.0,5.0,10.0,10.0,5.0,5.0,4.0,7.0,6.0,3.0,5.0,3.0,8.0
950,12.0,52.0,5.0,5.0,5.0,4.0,3.0,3.0,4.0,9.0,9.0,4.0,7.0,5.0,4.0,7.0,5.0,6.0,5.0,11.0
951,7.0,45.0,5.0,4.0,6.0,6.0,4.0,3.0,3.0,9.0,7.0,5.0,5.0,4.0,5.0,4.0,7.0,8.0,5.0,10.0
952,4.0,38.0,6.0,4.0,6.0,3.0,1.0,3.0,3.0,11.0,6.0,1.0,5.0,7.0,2.0,4.0,5.0,7.0,5.0,7.0
953,5.0,41.0,9.0,3.0,8.0,1.0,2.0,4.0,3.0,10.0,5.0,1.0,5.0,8.0,2.0,3.0,6.0,5.0,5.0,6.0
954,2.0,41.0,5.0,2.0,6.0,3.0,5.0,6.0,3.0,6.0,4.0,4.0,3.0,10.0,3.0,3.0,6.0,5.0,5.0,7.0
955,2.0,44.0,6.0,3.0,4.0,3.0,4.0,6.0,5.0,4.0,5.0,2.0,3.0,7.0,4.0,4.0,3.0,6.0,5.0,9.0
956,1.0,43.0,5.0,4.0,6.0,2.0,7.0,4.0,4.0,5.0,4.0,0.0,1.0,10.0,3.0,3.0,3.0,3.0,7.0,9.0
957,3.0,39.0,4.0,5.0,4.0,1.0,6.0,3.0,8.0,4.0,4.0,0.0,4.0,6.0,3.0,4.0,3.0,3.0,5.0,7.0
958,5.0,54.0,3.0,4.0,4.0,1.0,6.0,3.0,8.0,4.0,3.0,2.0,5.0,4.0,4.0,4.0,4.0,2.0,11.0,7.0
959,6.0,52.0,1.0,5.0,2.0,3.0,6.0,2.0,8.0,3.0,3.0,8.0,5.0,3.0,8.0,5.0,4.0,6.0,8.0,5.0
960,7.0,62.0,2.0,7.0,2.0,3.0,6.0,3.0,7.0,6.0,4.0,6.0,3.0,9.0,6.0,4.0,6.0,10.0,9.0,6.0
961,6.0,61.0,1.0,7.0,4.0,5.0,6.0,4.0,7.0,7.0,6.0,7.0,3.0,7.0,4.0,8.0,5.0,11.0,8.0,7.0
962,6.0,51.0,3.0,6.0,5.0,6.0,5.0,8.0,6.0,5.0,8.0,7.0,5.0,7.0,4.0,6.0,3.0,7.0,8.0,6.0
963,7.0,54.0,5.0,8.0,4.0,8.0,6.0,7.0,8.0,5.0,9.0,5.0,8.0,5.0,7.0,5.0,3.0,8.0,8.0,7.0
964,8.0,51.0,5.0,6.0,8.0,4.0,7.0,9.0,10.0,6.0,7.0,4.0,7.0,6.0,5.0,3.0,3.0,8.0,9.0,4.0
965,5.0,48.0,6.0,3.0,8.0,3.0,6.0,11.0,12.0,5.0,6.0,2.0,9.0,4.0,5.0,2.0,5.0,6.0,6.0,4.0
966,7.0,49.0,8.0,3.0,8.0,3.0,5.0,9.0,11.0,1.0,4.0,5.0,9.0,9.0,7.0,2.0,6.0,4.0,4.0,3.0
967,7.0,57.0,5.0,4.0,7.0,6.0,5.0,6.0,9.0,3.0,5.0,6.0,7.0,8.0,5.0,2.0,8.0,4.0,2.0,5.0
968,7.0,53.0,3.0,5.0,4.0,6.0,4.0,3.0,13.0,1.0,8.0,6.0,7.0,5.0,8.0,1.0,7.0,4.0,4.0,3.0
969,8.0,56.0,3.0,3.0,2.0,9.0,6.0,3.0,11.0,2.0,6.0,5.0,5.0,8.0,6.0,3.0,8.0,4.0,6.0,6.0
970,5.0,59.0,4.0,2.0,2.0,9.0,9.0,3.0,8.0,1.0,5.0,4.0,5.0,6.0,7.0,1.0,8.0,4.0,4.0,6.0
971,9.0,52.0,4.0,4.0,3.0,9.0,4.0,5.0,8.0,2.0,5.0,5.0,7.0,3.0,8.0,1.0,5.0,7.0,5.0,10.0
972,6.0,55.0,4.0,3.0,2.0,8.0,5.0,5.0,7.0,2.0,4.0,5.0,8.0,4.0,5.0,4.0,5.0,6.0,7.0,11.0
973,9.0,50.0,3.0,7.0,3.0,7.0,3.0,6.0,7.0,4.0,4.0,3.0,5.0,3.0,5.0,4.0,5.0,5.0,5.0,9.0
974,5.0,48.0,4.0,5.0,4.0,5.0,3.0,3.0,9.0,6.0,5.0,3.0,5.0,1.0,3.0,8.0,4.0,5.0,9.0,7.0
975,7.0,57.0,3.0,8.0,4.0,4.0,1.0,5.0,8.0,7.0,6.0,3.0,3.0,1.0,5.0,3.0,4.0,3.0,9.0,8.0
976,9.0,64.0,3.0,8.0,4.0,3.0,1.0,6.0,7.0,9.0,3.0,5.0,3.0,3.0,4.0,6.0,4.0,5.0,8.0,4.0
977,11.0,56.0,2.0,5.0,4.0,1.0,5.0,5.0,10.0,9.0,6.0,4.0,3.0,6.0,4.0,5.0,4.0,5.0,9.0,5.0
978,11.0,59.0,1.0,3.0,3.0,2.0,5.0,5.0,10.0,8.0,9.0,5.0,4.0,5.0,4.0,3.0,4.0,3.0,6.0,4.0
979,9.0,54.0,2.0,4.0,2.0,4.0,5.0,3.0,8.0,7.0,13.0,3.0,5.0,6.0,6.0,3.0,4.0,3.0,5.0,5.0
980,8.0,48.0,1.0,3.0,3.0,2.0,4.0,5.0,7.0,7.0,9.0,2.0,6.0,5.0,7.0,5.0,5.0,1.0,3.0,5.0
981,8.0,54.0,3.0,3.0,4.0,6.0,3.0,5.0,4.0,5.0,8.0,3.0,7.0,4.0,6.0,6.0,4.0,2.0,5.0,9.0
982,7.0,60.0,2.0,1.0,5.0,3.0,5.0,4.0,6.0,7.0,8.0,4.0,8.0,5.0,8.0,5.0,4.0,5.0,4.0,7.0
983,10.0,67.0,2.0,4.0,1.0,3.0,5.0,5.0,8.0,7.0,10.0,6.0,9.0,5.0,8.0,5.0,1.0,4.0,4.0,5.0
984,13.0,62.0,5.0,4.0,3.0,7.0,5.0,5.0,7.0,7.0,10.0,6.0,13.0,7.0,9.0,4.0,2.0,3.0,4.0,7.0
985,13.0,55.0,5.0,4.0,4.0,6.0,6.0,4.0,5.0,5.0,11.0,5.0,11.0,9.0,7.0,4.0,1.0,3.0,5.0,10.0
986,9.0,49.0,4.0,3.0,5.0,9.0,5.0,3.0,6.0,5.0,11.0,5.0,12.0,8.0,5.0,6.0,2.0,5.0,6.0,15.0
987,9.0,59.0,7.0,1.0,4.0,11.0,6.0,5.0,5.0,2.0,11.0,4.0,13.0,8.0,6.0,5.0,1.0,4.0,6.0,11.0
988,8.0,55.0,6.0,2.0,7.0,8.0,2.0,3.0,4.0,4.0,11.0,9.0,10.0,7.0,6.0,6.0,1.0,3.0,5.0,10.0
989,7.0,54.0,9.0,5.0,9.0,8.0,4.0,2.0,5.0,5.0,9.0,8.0,9.0,4.0,6.0,4.0,4.0,3.0,7.0,10.0
990,8.0,49.0,8.0,4.0,7.0,7.0,5.0,2.0,6.0,6.0,9.0,7.0,5.0,4.0,6.0,5.0,3.0,4.0,3.0,8.0
991,4.0,49.0,5.0,5.0,10.0,4.0,4.0,2.0,3.0,3.0,11.0,4.0,4.0,3.0,6.0,5.0,3.0,4.0,1.0,6.0
992,2.0,48.0,5.0,5.0,4.0,6.0,2.0,2.0,7.0,2.0,14.0,4.0,3.0,4.0,5.0,6.0,1.0,3.0,2.0,6.0
993,4.0,43.0,5.0,5.0,6.0,8.0,2.0,3.0,7.0,4.0,13.0,6.0,2.0,6.0,6.0,6.0,2.0,5.0,4.0,5.0
994,4.0,48.0,4.0,3.0,7.0,4.0,3.0,4.0,6.0,7.0,10.0,4.0,4.0,6.0,5.0,4.0,3.0,5.0,3.0,6.0
995,3.0,50.0,2.0,2.0,5.0,5.0,2.0,4.0,4.0,7.0,8.0,5.0,5.0,8.0,5.0,1.0,4.0,4.0,3.0,5.0
996,3.0,58.0,1.0,2.0,5.0,7.0,4.0,3.0,1.0,6.0,6.0,4.0,3.0,6.0,5.0,3.0,4.0,3.0,4.0,2.0
997,8.0,56.0,3.0,1.0,5.0,9.0,4.0,3.0,2.0,5.0,5.0,1.0,6.0,5.0,9.0,3.0,5.0,4.0,3.0,3.0
998,6.0,52.0,6.0,2.0,6.0,10.0,4.0,4.0,5.0,5.0,4.0,4.0,7.0,4.0,8.0,4.0,3.0,2.0,3.0,5.0
999,3.0,53.0,6.0,5.0,6.0,10.0,4.0,2.0,7.0,3.0,3.0,2.0,3.0,4.0,8.0,6.0,3.0,2.0,3.0,6.0
1000,3.0,44.0,6.0,1.0,7.0,7.0,5.0,4.0,6.0,4.0,5.0,6.0,5.0,3.0,8.0,7.0,4.0,2.0,4.0,7.0
1001,1.0,43.0,7.0,3.0,6.0,7.0,7.0,2.0,6.0,2.0,6.0,7.0,4.0,3.0,6.0,5.0,6.0,3.0,6.0,6.0
